Copyright 1986-2022 Xilinx, Inc. All Rights Reserved. Copyright 2022-2025 Advanced Micro Devices, Inc. All Rights Reserved.
---------------------------------------------------------------------------------------------------------------------------------------------------------------------------------------------------------------------
| Tool Version : Vivado v.2025.1 (win64) Build 6140274 Thu May 22 00:12:29 MDT 2025
| Date         : Wed Dec 10 22:25:16 2025
| Host         : macreat running 64-bit major release  (build 9200)
| Command      : report_timing_summary -max_paths 10 -routable_nets -report_unconstrained -file top_timing_summary_routed.rpt -pb top_timing_summary_routed.pb -rpx top_timing_summary_routed.rpx -warn_on_violation
| Design       : top
| Device       : 7a200t-sbg484
| Speed File   : -1  PRODUCTION 1.23 2018-06-13
| Design State : Routed
---------------------------------------------------------------------------------------------------------------------------------------------------------------------------------------------------------------------

Timing Summary Report

------------------------------------------------------------------------------------------------
| Timer Settings
| --------------
------------------------------------------------------------------------------------------------

  Enable Multi Corner Analysis               :  Yes
  Enable Pessimism Removal                   :  Yes
  Pessimism Removal Resolution               :  Nearest Common Node
  Enable Input Delay Default Clock           :  No
  Enable Preset / Clear Arcs                 :  No
  Disable Flight Delays                      :  No
  Ignore I/O Paths                           :  No
  Timing Early Launch at Borrowing Latches   :  No
  Borrow Time for Max Delay Exceptions       :  Yes
  Merge Timing Exceptions                    :  Yes
  Inter-SLR Compensation                     :  Conservative

  Corner  Analyze    Analyze    
  Name    Max Paths  Min Paths  
  ------  ---------  ---------  
  Slow    Yes        Yes        
  Fast    Yes        Yes        


------------------------------------------------------------------------------------------------
| Report Methodology
| ------------------
------------------------------------------------------------------------------------------------

Rule       Severity  Description                    Violations  
---------  --------  -----------------------------  ----------  
TIMING-18  Warning   Missing input or output delay  1           

Note: This report is based on the most recent report_methodology run and may not be up-to-date. Run report_methodology on the current design for the latest report.



check_timing report

Table of Contents
-----------------
1. checking no_clock (0)
2. checking constant_clock (0)
3. checking pulse_width_clock (0)
4. checking unconstrained_internal_endpoints (0)
5. checking no_input_delay (0)
6. checking no_output_delay (1)
7. checking multiple_clock (0)
8. checking generated_clocks (0)
9. checking loops (0)
10. checking partial_input_delay (0)
11. checking partial_output_delay (0)
12. checking latch_loops (0)

1. checking no_clock (0)
------------------------
 There are 0 register/latch pins with no clock.


2. checking constant_clock (0)
------------------------------
 There are 0 register/latch pins with constant_clock.


3. checking pulse_width_clock (0)
---------------------------------
 There are 0 register/latch pins which need pulse_width check


4. checking unconstrained_internal_endpoints (0)
------------------------------------------------
 There are 0 pins that are not constrained for maximum delay.

 There are 0 pins that are not constrained for maximum delay due to constant clock.


5. checking no_input_delay (0)
------------------------------
 There are 0 input ports with no input delay specified.

 There are 0 input ports with no input delay but user has a false path constraint.


6. checking no_output_delay (1)
-------------------------------
 There is 1 port with no output delay specified. (HIGH)

 There are 0 ports with no output delay but user has a false path constraint

 There are 0 ports with no output delay but with a timing clock defined on it or propagating through it


7. checking multiple_clock (0)
------------------------------
 There are 0 register/latch pins with multiple clocks.


8. checking generated_clocks (0)
--------------------------------
 There are 0 generated clocks that are not connected to a clock source.


9. checking loops (0)
---------------------
 There are 0 combinational loops in the design.


10. checking partial_input_delay (0)
------------------------------------
 There are 0 input ports with partial input delay specified.


11. checking partial_output_delay (0)
-------------------------------------
 There are 0 ports with partial output delay specified.


12. checking latch_loops (0)
----------------------------
 There are 0 combinational latch loops in the design through latch input



------------------------------------------------------------------------------------------------
| Design Timing Summary
| ---------------------
------------------------------------------------------------------------------------------------

    WNS(ns)      TNS(ns)  TNS Failing Endpoints  TNS Total Endpoints      WHS(ns)      THS(ns)  THS Failing Endpoints  THS Total Endpoints     WPWS(ns)     TPWS(ns)  TPWS Failing Endpoints  TPWS Total Endpoints  
    -------      -------  ---------------------  -------------------      -------      -------  ---------------------  -------------------     --------     --------  ----------------------  --------------------  
      5.405        0.000                      0                  195        0.159        0.000                      0                  195        4.500        0.000                       0                   115  


All user specified timing constraints are met.


------------------------------------------------------------------------------------------------
| Clock Summary
| -------------
------------------------------------------------------------------------------------------------

Clock        Waveform(ns)       Period(ns)      Frequency(MHz)
-----        ------------       ----------      --------------
sys_clk_pin  {0.000 5.000}      10.000          100.000         


------------------------------------------------------------------------------------------------
| Intra Clock Table
| -----------------
------------------------------------------------------------------------------------------------

Clock             WNS(ns)      TNS(ns)  TNS Failing Endpoints  TNS Total Endpoints      WHS(ns)      THS(ns)  THS Failing Endpoints  THS Total Endpoints     WPWS(ns)     TPWS(ns)  TPWS Failing Endpoints  TPWS Total Endpoints  
-----             -------      -------  ---------------------  -------------------      -------      -------  ---------------------  -------------------     --------     --------  ----------------------  --------------------  
sys_clk_pin         5.405        0.000                      0                  195        0.159        0.000                      0                  195        4.500        0.000                       0                   115  


------------------------------------------------------------------------------------------------
| Inter Clock Table
| -----------------
------------------------------------------------------------------------------------------------

From Clock    To Clock          WNS(ns)      TNS(ns)  TNS Failing Endpoints  TNS Total Endpoints      WHS(ns)      THS(ns)  THS Failing Endpoints  THS Total Endpoints  
----------    --------          -------      -------  ---------------------  -------------------      -------      -------  ---------------------  -------------------  


------------------------------------------------------------------------------------------------
| Other Path Groups Table
| -----------------------
------------------------------------------------------------------------------------------------

Path Group    From Clock    To Clock          WNS(ns)      TNS(ns)  TNS Failing Endpoints  TNS Total Endpoints      WHS(ns)      THS(ns)  THS Failing Endpoints  THS Total Endpoints  
----------    ----------    --------          -------      -------  ---------------------  -------------------      -------      -------  ---------------------  -------------------  


------------------------------------------------------------------------------------------------
| User Ignored Path Table
| -----------------------
------------------------------------------------------------------------------------------------

Path Group    From Clock    To Clock    
----------    ----------    --------    


------------------------------------------------------------------------------------------------
| Unconstrained Path Table
| ------------------------
------------------------------------------------------------------------------------------------

Path Group    From Clock    To Clock    
----------    ----------    --------    
(none)        sys_clk_pin                 


------------------------------------------------------------------------------------------------
| Timing Details
| --------------
------------------------------------------------------------------------------------------------


---------------------------------------------------------------------------------------------------
From Clock:  sys_clk_pin
  To Clock:  sys_clk_pin

Setup :            0  Failing Endpoints,  Worst Slack        5.405ns,  Total Violation        0.000ns
Hold  :            0  Failing Endpoints,  Worst Slack        0.159ns,  Total Violation        0.000ns
PW    :            0  Failing Endpoints,  Worst Slack        4.500ns,  Total Violation        0.000ns
---------------------------------------------------------------------------------------------------


Max Delay Paths
--------------------------------------------------------------------------------------
Slack (MET) :             5.405ns  (required time - arrival time)
  Source:                 sine_gen_inst/phase_index_reg[24]/C
                            (rising edge-triggered cell FDRE clocked by sys_clk_pin  {rise@0.000ns fall@5.000ns period=10.000ns})
  Destination:            sine_gen_inst/sine_out_reg[13]/D
                            (rising edge-triggered cell FDRE clocked by sys_clk_pin  {rise@0.000ns fall@5.000ns period=10.000ns})
  Path Group:             sys_clk_pin
  Path Type:              Setup (Max at Slow Process Corner)
  Requirement:            10.000ns  (sys_clk_pin rise@10.000ns - sys_clk_pin rise@0.000ns)
  Data Path Delay:        4.602ns  (logic 1.739ns (37.790%)  route 2.863ns (62.210%))
  Logic Levels:           6  (CARRY4=3 LUT2=2 LUT6=1)
  Clock Path Skew:        -0.020ns (DCD - SCD + CPR)
    Destination Clock Delay (DCD):    5.386ns = ( 15.386 - 10.000 ) 
    Source Clock Delay      (SCD):    5.693ns
    Clock Pessimism Removal (CPR):    0.287ns
  Clock Uncertainty:      0.035ns  ((TSJ^2 + TIJ^2)^1/2 + DJ) / 2 + PE
    Total System Jitter     (TSJ):    0.071ns
    Total Input Jitter      (TIJ):    0.000ns
    Discrete Jitter          (DJ):    0.000ns
    Phase Error              (PE):    0.000ns

    Location             Delay type                Incr(ns)  Path(ns)    Netlist Resource(s)
  -------------------------------------------------------------------    -------------------
                         (clock sys_clk_pin rise edge)
                                                      0.000     0.000 r  
    R4                                                0.000     0.000 r  clk100 (IN)
                         net (fo=0)                   0.000     0.000    clk100
    R4                   IBUF (Prop_ibuf_I_O)         1.475     1.475 r  clk100_IBUF_inst/O
                         net (fo=1, routed)           2.114     3.589    clk100_IBUF
    BUFGCTRL_X0Y0        BUFG (Prop_bufg_I_O)         0.096     3.685 r  clk100_IBUF_BUFG_inst/O
                         net (fo=114, routed)         2.008     5.693    sine_gen_inst/CLK
    SLICE_X2Y77          FDRE                                         r  sine_gen_inst/phase_index_reg[24]/C
  -------------------------------------------------------------------    -------------------
    SLICE_X2Y77          FDRE (Prop_fdre_C_Q)         0.518     6.211 r  sine_gen_inst/phase_index_reg[24]/Q
                         net (fo=7, routed)           0.829     7.040    sine_gen_inst/phase_index_reg_n_0_[24]
    SLICE_X1Y76          LUT2 (Prop_lut2_I0_O)        0.124     7.164 r  sine_gen_inst/g0_b1_i_2/O
                         net (fo=15, routed)          1.604     8.768    sine_gen_inst/rom_addr[1]
    SLICE_X1Y76          LUT6 (Prop_lut6_I1_O)        0.124     8.892 r  sine_gen_inst/g0_b7/O
                         net (fo=1, routed)           0.430     9.322    sine_gen_inst/g0_b7_n_0
    SLICE_X3Y76          LUT2 (Prop_lut2_I1_O)        0.124     9.446 r  sine_gen_inst/sine_out[7]_i_2/O
                         net (fo=1, routed)           0.000     9.446    sine_gen_inst/sine_out[7]_i_2_n_0
    SLICE_X3Y76          CARRY4 (Prop_carry4_S[3]_CO[3])
                                                      0.401     9.847 r  sine_gen_inst/sine_out_reg[7]_i_1/CO[3]
                         net (fo=1, routed)           0.000     9.847    sine_gen_inst/sine_out_reg[7]_i_1_n_0
    SLICE_X3Y77          CARRY4 (Prop_carry4_CI_CO[3])
                                                      0.114     9.961 r  sine_gen_inst/sine_out_reg[11]_i_1/CO[3]
                         net (fo=1, routed)           0.000     9.961    sine_gen_inst/sine_out_reg[11]_i_1_n_0
    SLICE_X3Y78          CARRY4 (Prop_carry4_CI_O[1])
                                                      0.334    10.295 r  sine_gen_inst/sine_out_reg[15]_i_1/O[1]
                         net (fo=1, routed)           0.000    10.295    sine_gen_inst/p_0_in[13]
    SLICE_X3Y78          FDRE                                         r  sine_gen_inst/sine_out_reg[13]/D
  -------------------------------------------------------------------    -------------------

                         (clock sys_clk_pin rise edge)
                                                     10.000    10.000 r  
    R4                                                0.000    10.000 r  clk100 (IN)
                         net (fo=0)                   0.000    10.000    clk100
    R4                   IBUF (Prop_ibuf_I_O)         1.405    11.405 r  clk100_IBUF_inst/O
                         net (fo=1, routed)           2.004    13.409    clk100_IBUF
    BUFGCTRL_X0Y0        BUFG (Prop_bufg_I_O)         0.091    13.500 r  clk100_IBUF_BUFG_inst/O
                         net (fo=114, routed)         1.886    15.386    sine_gen_inst/CLK
    SLICE_X3Y78          FDRE                                         r  sine_gen_inst/sine_out_reg[13]/C
                         clock pessimism              0.287    15.673    
                         clock uncertainty           -0.035    15.638    
    SLICE_X3Y78          FDRE (Setup_fdre_C_D)        0.062    15.700    sine_gen_inst/sine_out_reg[13]
  -------------------------------------------------------------------
                         required time                         15.700    
                         arrival time                         -10.295    
  -------------------------------------------------------------------
                         slack                                  5.405    

Slack (MET) :             5.426ns  (required time - arrival time)
  Source:                 sine_gen_inst/phase_index_reg[24]/C
                            (rising edge-triggered cell FDRE clocked by sys_clk_pin  {rise@0.000ns fall@5.000ns period=10.000ns})
  Destination:            sine_gen_inst/sine_out_reg[15]/D
                            (rising edge-triggered cell FDRE clocked by sys_clk_pin  {rise@0.000ns fall@5.000ns period=10.000ns})
  Path Group:             sys_clk_pin
  Path Type:              Setup (Max at Slow Process Corner)
  Requirement:            10.000ns  (sys_clk_pin rise@10.000ns - sys_clk_pin rise@0.000ns)
  Data Path Delay:        4.581ns  (logic 1.718ns (37.505%)  route 2.863ns (62.495%))
  Logic Levels:           6  (CARRY4=3 LUT2=2 LUT6=1)
  Clock Path Skew:        -0.020ns (DCD - SCD + CPR)
    Destination Clock Delay (DCD):    5.386ns = ( 15.386 - 10.000 ) 
    Source Clock Delay      (SCD):    5.693ns
    Clock Pessimism Removal (CPR):    0.287ns
  Clock Uncertainty:      0.035ns  ((TSJ^2 + TIJ^2)^1/2 + DJ) / 2 + PE
    Total System Jitter     (TSJ):    0.071ns
    Total Input Jitter      (TIJ):    0.000ns
    Discrete Jitter          (DJ):    0.000ns
    Phase Error              (PE):    0.000ns

    Location             Delay type                Incr(ns)  Path(ns)    Netlist Resource(s)
  -------------------------------------------------------------------    -------------------
                         (clock sys_clk_pin rise edge)
                                                      0.000     0.000 r  
    R4                                                0.000     0.000 r  clk100 (IN)
                         net (fo=0)                   0.000     0.000    clk100
    R4                   IBUF (Prop_ibuf_I_O)         1.475     1.475 r  clk100_IBUF_inst/O
                         net (fo=1, routed)           2.114     3.589    clk100_IBUF
    BUFGCTRL_X0Y0        BUFG (Prop_bufg_I_O)         0.096     3.685 r  clk100_IBUF_BUFG_inst/O
                         net (fo=114, routed)         2.008     5.693    sine_gen_inst/CLK
    SLICE_X2Y77          FDRE                                         r  sine_gen_inst/phase_index_reg[24]/C
  -------------------------------------------------------------------    -------------------
    SLICE_X2Y77          FDRE (Prop_fdre_C_Q)         0.518     6.211 r  sine_gen_inst/phase_index_reg[24]/Q
                         net (fo=7, routed)           0.829     7.040    sine_gen_inst/phase_index_reg_n_0_[24]
    SLICE_X1Y76          LUT2 (Prop_lut2_I0_O)        0.124     7.164 r  sine_gen_inst/g0_b1_i_2/O
                         net (fo=15, routed)          1.604     8.768    sine_gen_inst/rom_addr[1]
    SLICE_X1Y76          LUT6 (Prop_lut6_I1_O)        0.124     8.892 r  sine_gen_inst/g0_b7/O
                         net (fo=1, routed)           0.430     9.322    sine_gen_inst/g0_b7_n_0
    SLICE_X3Y76          LUT2 (Prop_lut2_I1_O)        0.124     9.446 r  sine_gen_inst/sine_out[7]_i_2/O
                         net (fo=1, routed)           0.000     9.446    sine_gen_inst/sine_out[7]_i_2_n_0
    SLICE_X3Y76          CARRY4 (Prop_carry4_S[3]_CO[3])
                                                      0.401     9.847 r  sine_gen_inst/sine_out_reg[7]_i_1/CO[3]
                         net (fo=1, routed)           0.000     9.847    sine_gen_inst/sine_out_reg[7]_i_1_n_0
    SLICE_X3Y77          CARRY4 (Prop_carry4_CI_CO[3])
                                                      0.114     9.961 r  sine_gen_inst/sine_out_reg[11]_i_1/CO[3]
                         net (fo=1, routed)           0.000     9.961    sine_gen_inst/sine_out_reg[11]_i_1_n_0
    SLICE_X3Y78          CARRY4 (Prop_carry4_CI_O[3])
                                                      0.313    10.274 r  sine_gen_inst/sine_out_reg[15]_i_1/O[3]
                         net (fo=1, routed)           0.000    10.274    sine_gen_inst/p_0_in[15]
    SLICE_X3Y78          FDRE                                         r  sine_gen_inst/sine_out_reg[15]/D
  -------------------------------------------------------------------    -------------------

                         (clock sys_clk_pin rise edge)
                                                     10.000    10.000 r  
    R4                                                0.000    10.000 r  clk100 (IN)
                         net (fo=0)                   0.000    10.000    clk100
    R4                   IBUF (Prop_ibuf_I_O)         1.405    11.405 r  clk100_IBUF_inst/O
                         net (fo=1, routed)           2.004    13.409    clk100_IBUF
    BUFGCTRL_X0Y0        BUFG (Prop_bufg_I_O)         0.091    13.500 r  clk100_IBUF_BUFG_inst/O
                         net (fo=114, routed)         1.886    15.386    sine_gen_inst/CLK
    SLICE_X3Y78          FDRE                                         r  sine_gen_inst/sine_out_reg[15]/C
                         clock pessimism              0.287    15.673    
                         clock uncertainty           -0.035    15.638    
    SLICE_X3Y78          FDRE (Setup_fdre_C_D)        0.062    15.700    sine_gen_inst/sine_out_reg[15]
  -------------------------------------------------------------------
                         required time                         15.700    
                         arrival time                         -10.274    
  -------------------------------------------------------------------
                         slack                                  5.426    

Slack (MET) :             5.500ns  (required time - arrival time)
  Source:                 sine_gen_inst/phase_index_reg[24]/C
                            (rising edge-triggered cell FDRE clocked by sys_clk_pin  {rise@0.000ns fall@5.000ns period=10.000ns})
  Destination:            sine_gen_inst/sine_out_reg[14]/D
                            (rising edge-triggered cell FDRE clocked by sys_clk_pin  {rise@0.000ns fall@5.000ns period=10.000ns})
  Path Group:             sys_clk_pin
  Path Type:              Setup (Max at Slow Process Corner)
  Requirement:            10.000ns  (sys_clk_pin rise@10.000ns - sys_clk_pin rise@0.000ns)
  Data Path Delay:        4.507ns  (logic 1.644ns (36.479%)  route 2.863ns (63.521%))
  Logic Levels:           6  (CARRY4=3 LUT2=2 LUT6=1)
  Clock Path Skew:        -0.020ns (DCD - SCD + CPR)
    Destination Clock Delay (DCD):    5.386ns = ( 15.386 - 10.000 ) 
    Source Clock Delay      (SCD):    5.693ns
    Clock Pessimism Removal (CPR):    0.287ns
  Clock Uncertainty:      0.035ns  ((TSJ^2 + TIJ^2)^1/2 + DJ) / 2 + PE
    Total System Jitter     (TSJ):    0.071ns
    Total Input Jitter      (TIJ):    0.000ns
    Discrete Jitter          (DJ):    0.000ns
    Phase Error              (PE):    0.000ns

    Location             Delay type                Incr(ns)  Path(ns)    Netlist Resource(s)
  -------------------------------------------------------------------    -------------------
                         (clock sys_clk_pin rise edge)
                                                      0.000     0.000 r  
    R4                                                0.000     0.000 r  clk100 (IN)
                         net (fo=0)                   0.000     0.000    clk100
    R4                   IBUF (Prop_ibuf_I_O)         1.475     1.475 r  clk100_IBUF_inst/O
                         net (fo=1, routed)           2.114     3.589    clk100_IBUF
    BUFGCTRL_X0Y0        BUFG (Prop_bufg_I_O)         0.096     3.685 r  clk100_IBUF_BUFG_inst/O
                         net (fo=114, routed)         2.008     5.693    sine_gen_inst/CLK
    SLICE_X2Y77          FDRE                                         r  sine_gen_inst/phase_index_reg[24]/C
  -------------------------------------------------------------------    -------------------
    SLICE_X2Y77          FDRE (Prop_fdre_C_Q)         0.518     6.211 r  sine_gen_inst/phase_index_reg[24]/Q
                         net (fo=7, routed)           0.829     7.040    sine_gen_inst/phase_index_reg_n_0_[24]
    SLICE_X1Y76          LUT2 (Prop_lut2_I0_O)        0.124     7.164 r  sine_gen_inst/g0_b1_i_2/O
                         net (fo=15, routed)          1.604     8.768    sine_gen_inst/rom_addr[1]
    SLICE_X1Y76          LUT6 (Prop_lut6_I1_O)        0.124     8.892 r  sine_gen_inst/g0_b7/O
                         net (fo=1, routed)           0.430     9.322    sine_gen_inst/g0_b7_n_0
    SLICE_X3Y76          LUT2 (Prop_lut2_I1_O)        0.124     9.446 r  sine_gen_inst/sine_out[7]_i_2/O
                         net (fo=1, routed)           0.000     9.446    sine_gen_inst/sine_out[7]_i_2_n_0
    SLICE_X3Y76          CARRY4 (Prop_carry4_S[3]_CO[3])
                                                      0.401     9.847 r  sine_gen_inst/sine_out_reg[7]_i_1/CO[3]
                         net (fo=1, routed)           0.000     9.847    sine_gen_inst/sine_out_reg[7]_i_1_n_0
    SLICE_X3Y77          CARRY4 (Prop_carry4_CI_CO[3])
                                                      0.114     9.961 r  sine_gen_inst/sine_out_reg[11]_i_1/CO[3]
                         net (fo=1, routed)           0.000     9.961    sine_gen_inst/sine_out_reg[11]_i_1_n_0
    SLICE_X3Y78          CARRY4 (Prop_carry4_CI_O[2])
                                                      0.239    10.200 r  sine_gen_inst/sine_out_reg[15]_i_1/O[2]
                         net (fo=1, routed)           0.000    10.200    sine_gen_inst/p_0_in[14]
    SLICE_X3Y78          FDRE                                         r  sine_gen_inst/sine_out_reg[14]/D
  -------------------------------------------------------------------    -------------------

                         (clock sys_clk_pin rise edge)
                                                     10.000    10.000 r  
    R4                                                0.000    10.000 r  clk100 (IN)
                         net (fo=0)                   0.000    10.000    clk100
    R4                   IBUF (Prop_ibuf_I_O)         1.405    11.405 r  clk100_IBUF_inst/O
                         net (fo=1, routed)           2.004    13.409    clk100_IBUF
    BUFGCTRL_X0Y0        BUFG (Prop_bufg_I_O)         0.091    13.500 r  clk100_IBUF_BUFG_inst/O
                         net (fo=114, routed)         1.886    15.386    sine_gen_inst/CLK
    SLICE_X3Y78          FDRE                                         r  sine_gen_inst/sine_out_reg[14]/C
                         clock pessimism              0.287    15.673    
                         clock uncertainty           -0.035    15.638    
    SLICE_X3Y78          FDRE (Setup_fdre_C_D)        0.062    15.700    sine_gen_inst/sine_out_reg[14]
  -------------------------------------------------------------------
                         required time                         15.700    
                         arrival time                         -10.200    
  -------------------------------------------------------------------
                         slack                                  5.500    

Slack (MET) :             5.516ns  (required time - arrival time)
  Source:                 sine_gen_inst/phase_index_reg[24]/C
                            (rising edge-triggered cell FDRE clocked by sys_clk_pin  {rise@0.000ns fall@5.000ns period=10.000ns})
  Destination:            sine_gen_inst/sine_out_reg[12]/D
                            (rising edge-triggered cell FDRE clocked by sys_clk_pin  {rise@0.000ns fall@5.000ns period=10.000ns})
  Path Group:             sys_clk_pin
  Path Type:              Setup (Max at Slow Process Corner)
  Requirement:            10.000ns  (sys_clk_pin rise@10.000ns - sys_clk_pin rise@0.000ns)
  Data Path Delay:        4.491ns  (logic 1.628ns (36.252%)  route 2.863ns (63.748%))
  Logic Levels:           6  (CARRY4=3 LUT2=2 LUT6=1)
  Clock Path Skew:        -0.020ns (DCD - SCD + CPR)
    Destination Clock Delay (DCD):    5.386ns = ( 15.386 - 10.000 ) 
    Source Clock Delay      (SCD):    5.693ns
    Clock Pessimism Removal (CPR):    0.287ns
  Clock Uncertainty:      0.035ns  ((TSJ^2 + TIJ^2)^1/2 + DJ) / 2 + PE
    Total System Jitter     (TSJ):    0.071ns
    Total Input Jitter      (TIJ):    0.000ns
    Discrete Jitter          (DJ):    0.000ns
    Phase Error              (PE):    0.000ns

    Location             Delay type                Incr(ns)  Path(ns)    Netlist Resource(s)
  -------------------------------------------------------------------    -------------------
                         (clock sys_clk_pin rise edge)
                                                      0.000     0.000 r  
    R4                                                0.000     0.000 r  clk100 (IN)
                         net (fo=0)                   0.000     0.000    clk100
    R4                   IBUF (Prop_ibuf_I_O)         1.475     1.475 r  clk100_IBUF_inst/O
                         net (fo=1, routed)           2.114     3.589    clk100_IBUF
    BUFGCTRL_X0Y0        BUFG (Prop_bufg_I_O)         0.096     3.685 r  clk100_IBUF_BUFG_inst/O
                         net (fo=114, routed)         2.008     5.693    sine_gen_inst/CLK
    SLICE_X2Y77          FDRE                                         r  sine_gen_inst/phase_index_reg[24]/C
  -------------------------------------------------------------------    -------------------
    SLICE_X2Y77          FDRE (Prop_fdre_C_Q)         0.518     6.211 r  sine_gen_inst/phase_index_reg[24]/Q
                         net (fo=7, routed)           0.829     7.040    sine_gen_inst/phase_index_reg_n_0_[24]
    SLICE_X1Y76          LUT2 (Prop_lut2_I0_O)        0.124     7.164 r  sine_gen_inst/g0_b1_i_2/O
                         net (fo=15, routed)          1.604     8.768    sine_gen_inst/rom_addr[1]
    SLICE_X1Y76          LUT6 (Prop_lut6_I1_O)        0.124     8.892 r  sine_gen_inst/g0_b7/O
                         net (fo=1, routed)           0.430     9.322    sine_gen_inst/g0_b7_n_0
    SLICE_X3Y76          LUT2 (Prop_lut2_I1_O)        0.124     9.446 r  sine_gen_inst/sine_out[7]_i_2/O
                         net (fo=1, routed)           0.000     9.446    sine_gen_inst/sine_out[7]_i_2_n_0
    SLICE_X3Y76          CARRY4 (Prop_carry4_S[3]_CO[3])
                                                      0.401     9.847 r  sine_gen_inst/sine_out_reg[7]_i_1/CO[3]
                         net (fo=1, routed)           0.000     9.847    sine_gen_inst/sine_out_reg[7]_i_1_n_0
    SLICE_X3Y77          CARRY4 (Prop_carry4_CI_CO[3])
                                                      0.114     9.961 r  sine_gen_inst/sine_out_reg[11]_i_1/CO[3]
                         net (fo=1, routed)           0.000     9.961    sine_gen_inst/sine_out_reg[11]_i_1_n_0
    SLICE_X3Y78          CARRY4 (Prop_carry4_CI_O[0])
                                                      0.223    10.184 r  sine_gen_inst/sine_out_reg[15]_i_1/O[0]
                         net (fo=1, routed)           0.000    10.184    sine_gen_inst/p_0_in[12]
    SLICE_X3Y78          FDRE                                         r  sine_gen_inst/sine_out_reg[12]/D
  -------------------------------------------------------------------    -------------------

                         (clock sys_clk_pin rise edge)
                                                     10.000    10.000 r  
    R4                                                0.000    10.000 r  clk100 (IN)
                         net (fo=0)                   0.000    10.000    clk100
    R4                   IBUF (Prop_ibuf_I_O)         1.405    11.405 r  clk100_IBUF_inst/O
                         net (fo=1, routed)           2.004    13.409    clk100_IBUF
    BUFGCTRL_X0Y0        BUFG (Prop_bufg_I_O)         0.091    13.500 r  clk100_IBUF_BUFG_inst/O
                         net (fo=114, routed)         1.886    15.386    sine_gen_inst/CLK
    SLICE_X3Y78          FDRE                                         r  sine_gen_inst/sine_out_reg[12]/C
                         clock pessimism              0.287    15.673    
                         clock uncertainty           -0.035    15.638    
    SLICE_X3Y78          FDRE (Setup_fdre_C_D)        0.062    15.700    sine_gen_inst/sine_out_reg[12]
  -------------------------------------------------------------------
                         required time                         15.700    
                         arrival time                         -10.184    
  -------------------------------------------------------------------
                         slack                                  5.516    

Slack (MET) :             5.517ns  (required time - arrival time)
  Source:                 sine_gen_inst/phase_index_reg[24]/C
                            (rising edge-triggered cell FDRE clocked by sys_clk_pin  {rise@0.000ns fall@5.000ns period=10.000ns})
  Destination:            sine_gen_inst/sine_out_reg[9]/D
                            (rising edge-triggered cell FDRE clocked by sys_clk_pin  {rise@0.000ns fall@5.000ns period=10.000ns})
  Path Group:             sys_clk_pin
  Path Type:              Setup (Max at Slow Process Corner)
  Requirement:            10.000ns  (sys_clk_pin rise@10.000ns - sys_clk_pin rise@0.000ns)
  Data Path Delay:        4.488ns  (logic 1.625ns (36.210%)  route 2.863ns (63.790%))
  Logic Levels:           5  (CARRY4=2 LUT2=2 LUT6=1)
  Clock Path Skew:        -0.022ns (DCD - SCD + CPR)
    Destination Clock Delay (DCD):    5.384ns = ( 15.384 - 10.000 ) 
    Source Clock Delay      (SCD):    5.693ns
    Clock Pessimism Removal (CPR):    0.287ns
  Clock Uncertainty:      0.035ns  ((TSJ^2 + TIJ^2)^1/2 + DJ) / 2 + PE
    Total System Jitter     (TSJ):    0.071ns
    Total Input Jitter      (TIJ):    0.000ns
    Discrete Jitter          (DJ):    0.000ns
    Phase Error              (PE):    0.000ns

    Location             Delay type                Incr(ns)  Path(ns)    Netlist Resource(s)
  -------------------------------------------------------------------    -------------------
                         (clock sys_clk_pin rise edge)
                                                      0.000     0.000 r  
    R4                                                0.000     0.000 r  clk100 (IN)
                         net (fo=0)                   0.000     0.000    clk100
    R4                   IBUF (Prop_ibuf_I_O)         1.475     1.475 r  clk100_IBUF_inst/O
                         net (fo=1, routed)           2.114     3.589    clk100_IBUF
    BUFGCTRL_X0Y0        BUFG (Prop_bufg_I_O)         0.096     3.685 r  clk100_IBUF_BUFG_inst/O
                         net (fo=114, routed)         2.008     5.693    sine_gen_inst/CLK
    SLICE_X2Y77          FDRE                                         r  sine_gen_inst/phase_index_reg[24]/C
  -------------------------------------------------------------------    -------------------
    SLICE_X2Y77          FDRE (Prop_fdre_C_Q)         0.518     6.211 r  sine_gen_inst/phase_index_reg[24]/Q
                         net (fo=7, routed)           0.829     7.040    sine_gen_inst/phase_index_reg_n_0_[24]
    SLICE_X1Y76          LUT2 (Prop_lut2_I0_O)        0.124     7.164 r  sine_gen_inst/g0_b1_i_2/O
                         net (fo=15, routed)          1.604     8.768    sine_gen_inst/rom_addr[1]
    SLICE_X1Y76          LUT6 (Prop_lut6_I1_O)        0.124     8.892 r  sine_gen_inst/g0_b7/O
                         net (fo=1, routed)           0.430     9.322    sine_gen_inst/g0_b7_n_0
    SLICE_X3Y76          LUT2 (Prop_lut2_I1_O)        0.124     9.446 r  sine_gen_inst/sine_out[7]_i_2/O
                         net (fo=1, routed)           0.000     9.446    sine_gen_inst/sine_out[7]_i_2_n_0
    SLICE_X3Y76          CARRY4 (Prop_carry4_S[3]_CO[3])
                                                      0.401     9.847 r  sine_gen_inst/sine_out_reg[7]_i_1/CO[3]
                         net (fo=1, routed)           0.000     9.847    sine_gen_inst/sine_out_reg[7]_i_1_n_0
    SLICE_X3Y77          CARRY4 (Prop_carry4_CI_O[1])
                                                      0.334    10.181 r  sine_gen_inst/sine_out_reg[11]_i_1/O[1]
                         net (fo=1, routed)           0.000    10.181    sine_gen_inst/p_0_in[9]
    SLICE_X3Y77          FDRE                                         r  sine_gen_inst/sine_out_reg[9]/D
  -------------------------------------------------------------------    -------------------

                         (clock sys_clk_pin rise edge)
                                                     10.000    10.000 r  
    R4                                                0.000    10.000 r  clk100 (IN)
                         net (fo=0)                   0.000    10.000    clk100
    R4                   IBUF (Prop_ibuf_I_O)         1.405    11.405 r  clk100_IBUF_inst/O
                         net (fo=1, routed)           2.004    13.409    clk100_IBUF
    BUFGCTRL_X0Y0        BUFG (Prop_bufg_I_O)         0.091    13.500 r  clk100_IBUF_BUFG_inst/O
                         net (fo=114, routed)         1.884    15.384    sine_gen_inst/CLK
    SLICE_X3Y77          FDRE                                         r  sine_gen_inst/sine_out_reg[9]/C
                         clock pessimism              0.287    15.671    
                         clock uncertainty           -0.035    15.636    
    SLICE_X3Y77          FDRE (Setup_fdre_C_D)        0.062    15.698    sine_gen_inst/sine_out_reg[9]
  -------------------------------------------------------------------
                         required time                         15.698    
                         arrival time                         -10.181    
  -------------------------------------------------------------------
                         slack                                  5.517    

Slack (MET) :             5.538ns  (required time - arrival time)
  Source:                 sine_gen_inst/phase_index_reg[24]/C
                            (rising edge-triggered cell FDRE clocked by sys_clk_pin  {rise@0.000ns fall@5.000ns period=10.000ns})
  Destination:            sine_gen_inst/sine_out_reg[11]/D
                            (rising edge-triggered cell FDRE clocked by sys_clk_pin  {rise@0.000ns fall@5.000ns period=10.000ns})
  Path Group:             sys_clk_pin
  Path Type:              Setup (Max at Slow Process Corner)
  Requirement:            10.000ns  (sys_clk_pin rise@10.000ns - sys_clk_pin rise@0.000ns)
  Data Path Delay:        4.467ns  (logic 1.604ns (35.910%)  route 2.863ns (64.090%))
  Logic Levels:           5  (CARRY4=2 LUT2=2 LUT6=1)
  Clock Path Skew:        -0.022ns (DCD - SCD + CPR)
    Destination Clock Delay (DCD):    5.384ns = ( 15.384 - 10.000 ) 
    Source Clock Delay      (SCD):    5.693ns
    Clock Pessimism Removal (CPR):    0.287ns
  Clock Uncertainty:      0.035ns  ((TSJ^2 + TIJ^2)^1/2 + DJ) / 2 + PE
    Total System Jitter     (TSJ):    0.071ns
    Total Input Jitter      (TIJ):    0.000ns
    Discrete Jitter          (DJ):    0.000ns
    Phase Error              (PE):    0.000ns

    Location             Delay type                Incr(ns)  Path(ns)    Netlist Resource(s)
  -------------------------------------------------------------------    -------------------
                         (clock sys_clk_pin rise edge)
                                                      0.000     0.000 r  
    R4                                                0.000     0.000 r  clk100 (IN)
                         net (fo=0)                   0.000     0.000    clk100
    R4                   IBUF (Prop_ibuf_I_O)         1.475     1.475 r  clk100_IBUF_inst/O
                         net (fo=1, routed)           2.114     3.589    clk100_IBUF
    BUFGCTRL_X0Y0        BUFG (Prop_bufg_I_O)         0.096     3.685 r  clk100_IBUF_BUFG_inst/O
                         net (fo=114, routed)         2.008     5.693    sine_gen_inst/CLK
    SLICE_X2Y77          FDRE                                         r  sine_gen_inst/phase_index_reg[24]/C
  -------------------------------------------------------------------    -------------------
    SLICE_X2Y77          FDRE (Prop_fdre_C_Q)         0.518     6.211 r  sine_gen_inst/phase_index_reg[24]/Q
                         net (fo=7, routed)           0.829     7.040    sine_gen_inst/phase_index_reg_n_0_[24]
    SLICE_X1Y76          LUT2 (Prop_lut2_I0_O)        0.124     7.164 r  sine_gen_inst/g0_b1_i_2/O
                         net (fo=15, routed)          1.604     8.768    sine_gen_inst/rom_addr[1]
    SLICE_X1Y76          LUT6 (Prop_lut6_I1_O)        0.124     8.892 r  sine_gen_inst/g0_b7/O
                         net (fo=1, routed)           0.430     9.322    sine_gen_inst/g0_b7_n_0
    SLICE_X3Y76          LUT2 (Prop_lut2_I1_O)        0.124     9.446 r  sine_gen_inst/sine_out[7]_i_2/O
                         net (fo=1, routed)           0.000     9.446    sine_gen_inst/sine_out[7]_i_2_n_0
    SLICE_X3Y76          CARRY4 (Prop_carry4_S[3]_CO[3])
                                                      0.401     9.847 r  sine_gen_inst/sine_out_reg[7]_i_1/CO[3]
                         net (fo=1, routed)           0.000     9.847    sine_gen_inst/sine_out_reg[7]_i_1_n_0
    SLICE_X3Y77          CARRY4 (Prop_carry4_CI_O[3])
                                                      0.313    10.160 r  sine_gen_inst/sine_out_reg[11]_i_1/O[3]
                         net (fo=1, routed)           0.000    10.160    sine_gen_inst/p_0_in[11]
    SLICE_X3Y77          FDRE                                         r  sine_gen_inst/sine_out_reg[11]/D
  -------------------------------------------------------------------    -------------------

                         (clock sys_clk_pin rise edge)
                                                     10.000    10.000 r  
    R4                                                0.000    10.000 r  clk100 (IN)
                         net (fo=0)                   0.000    10.000    clk100
    R4                   IBUF (Prop_ibuf_I_O)         1.405    11.405 r  clk100_IBUF_inst/O
                         net (fo=1, routed)           2.004    13.409    clk100_IBUF
    BUFGCTRL_X0Y0        BUFG (Prop_bufg_I_O)         0.091    13.500 r  clk100_IBUF_BUFG_inst/O
                         net (fo=114, routed)         1.884    15.384    sine_gen_inst/CLK
    SLICE_X3Y77          FDRE                                         r  sine_gen_inst/sine_out_reg[11]/C
                         clock pessimism              0.287    15.671    
                         clock uncertainty           -0.035    15.636    
    SLICE_X3Y77          FDRE (Setup_fdre_C_D)        0.062    15.698    sine_gen_inst/sine_out_reg[11]
  -------------------------------------------------------------------
                         required time                         15.698    
                         arrival time                         -10.160    
  -------------------------------------------------------------------
                         slack                                  5.538    

Slack (MET) :             5.612ns  (required time - arrival time)
  Source:                 sine_gen_inst/phase_index_reg[24]/C
                            (rising edge-triggered cell FDRE clocked by sys_clk_pin  {rise@0.000ns fall@5.000ns period=10.000ns})
  Destination:            sine_gen_inst/sine_out_reg[10]/D
                            (rising edge-triggered cell FDRE clocked by sys_clk_pin  {rise@0.000ns fall@5.000ns period=10.000ns})
  Path Group:             sys_clk_pin
  Path Type:              Setup (Max at Slow Process Corner)
  Requirement:            10.000ns  (sys_clk_pin rise@10.000ns - sys_clk_pin rise@0.000ns)
  Data Path Delay:        4.393ns  (logic 1.530ns (34.830%)  route 2.863ns (65.170%))
  Logic Levels:           5  (CARRY4=2 LUT2=2 LUT6=1)
  Clock Path Skew:        -0.022ns (DCD - SCD + CPR)
    Destination Clock Delay (DCD):    5.384ns = ( 15.384 - 10.000 ) 
    Source Clock Delay      (SCD):    5.693ns
    Clock Pessimism Removal (CPR):    0.287ns
  Clock Uncertainty:      0.035ns  ((TSJ^2 + TIJ^2)^1/2 + DJ) / 2 + PE
    Total System Jitter     (TSJ):    0.071ns
    Total Input Jitter      (TIJ):    0.000ns
    Discrete Jitter          (DJ):    0.000ns
    Phase Error              (PE):    0.000ns

    Location             Delay type                Incr(ns)  Path(ns)    Netlist Resource(s)
  -------------------------------------------------------------------    -------------------
                         (clock sys_clk_pin rise edge)
                                                      0.000     0.000 r  
    R4                                                0.000     0.000 r  clk100 (IN)
                         net (fo=0)                   0.000     0.000    clk100
    R4                   IBUF (Prop_ibuf_I_O)         1.475     1.475 r  clk100_IBUF_inst/O
                         net (fo=1, routed)           2.114     3.589    clk100_IBUF
    BUFGCTRL_X0Y0        BUFG (Prop_bufg_I_O)         0.096     3.685 r  clk100_IBUF_BUFG_inst/O
                         net (fo=114, routed)         2.008     5.693    sine_gen_inst/CLK
    SLICE_X2Y77          FDRE                                         r  sine_gen_inst/phase_index_reg[24]/C
  -------------------------------------------------------------------    -------------------
    SLICE_X2Y77          FDRE (Prop_fdre_C_Q)         0.518     6.211 r  sine_gen_inst/phase_index_reg[24]/Q
                         net (fo=7, routed)           0.829     7.040    sine_gen_inst/phase_index_reg_n_0_[24]
    SLICE_X1Y76          LUT2 (Prop_lut2_I0_O)        0.124     7.164 r  sine_gen_inst/g0_b1_i_2/O
                         net (fo=15, routed)          1.604     8.768    sine_gen_inst/rom_addr[1]
    SLICE_X1Y76          LUT6 (Prop_lut6_I1_O)        0.124     8.892 r  sine_gen_inst/g0_b7/O
                         net (fo=1, routed)           0.430     9.322    sine_gen_inst/g0_b7_n_0
    SLICE_X3Y76          LUT2 (Prop_lut2_I1_O)        0.124     9.446 r  sine_gen_inst/sine_out[7]_i_2/O
                         net (fo=1, routed)           0.000     9.446    sine_gen_inst/sine_out[7]_i_2_n_0
    SLICE_X3Y76          CARRY4 (Prop_carry4_S[3]_CO[3])
                                                      0.401     9.847 r  sine_gen_inst/sine_out_reg[7]_i_1/CO[3]
                         net (fo=1, routed)           0.000     9.847    sine_gen_inst/sine_out_reg[7]_i_1_n_0
    SLICE_X3Y77          CARRY4 (Prop_carry4_CI_O[2])
                                                      0.239    10.086 r  sine_gen_inst/sine_out_reg[11]_i_1/O[2]
                         net (fo=1, routed)           0.000    10.086    sine_gen_inst/p_0_in[10]
    SLICE_X3Y77          FDRE                                         r  sine_gen_inst/sine_out_reg[10]/D
  -------------------------------------------------------------------    -------------------

                         (clock sys_clk_pin rise edge)
                                                     10.000    10.000 r  
    R4                                                0.000    10.000 r  clk100 (IN)
                         net (fo=0)                   0.000    10.000    clk100
    R4                   IBUF (Prop_ibuf_I_O)         1.405    11.405 r  clk100_IBUF_inst/O
                         net (fo=1, routed)           2.004    13.409    clk100_IBUF
    BUFGCTRL_X0Y0        BUFG (Prop_bufg_I_O)         0.091    13.500 r  clk100_IBUF_BUFG_inst/O
                         net (fo=114, routed)         1.884    15.384    sine_gen_inst/CLK
    SLICE_X3Y77          FDRE                                         r  sine_gen_inst/sine_out_reg[10]/C
                         clock pessimism              0.287    15.671    
                         clock uncertainty           -0.035    15.636    
    SLICE_X3Y77          FDRE (Setup_fdre_C_D)        0.062    15.698    sine_gen_inst/sine_out_reg[10]
  -------------------------------------------------------------------
                         required time                         15.698    
                         arrival time                         -10.086    
  -------------------------------------------------------------------
                         slack                                  5.612    

Slack (MET) :             5.628ns  (required time - arrival time)
  Source:                 sine_gen_inst/phase_index_reg[24]/C
                            (rising edge-triggered cell FDRE clocked by sys_clk_pin  {rise@0.000ns fall@5.000ns period=10.000ns})
  Destination:            sine_gen_inst/sine_out_reg[8]/D
                            (rising edge-triggered cell FDRE clocked by sys_clk_pin  {rise@0.000ns fall@5.000ns period=10.000ns})
  Path Group:             sys_clk_pin
  Path Type:              Setup (Max at Slow Process Corner)
  Requirement:            10.000ns  (sys_clk_pin rise@10.000ns - sys_clk_pin rise@0.000ns)
  Data Path Delay:        4.377ns  (logic 1.514ns (34.592%)  route 2.863ns (65.408%))
  Logic Levels:           5  (CARRY4=2 LUT2=2 LUT6=1)
  Clock Path Skew:        -0.022ns (DCD - SCD + CPR)
    Destination Clock Delay (DCD):    5.384ns = ( 15.384 - 10.000 ) 
    Source Clock Delay      (SCD):    5.693ns
    Clock Pessimism Removal (CPR):    0.287ns
  Clock Uncertainty:      0.035ns  ((TSJ^2 + TIJ^2)^1/2 + DJ) / 2 + PE
    Total System Jitter     (TSJ):    0.071ns
    Total Input Jitter      (TIJ):    0.000ns
    Discrete Jitter          (DJ):    0.000ns
    Phase Error              (PE):    0.000ns

    Location             Delay type                Incr(ns)  Path(ns)    Netlist Resource(s)
  -------------------------------------------------------------------    -------------------
                         (clock sys_clk_pin rise edge)
                                                      0.000     0.000 r  
    R4                                                0.000     0.000 r  clk100 (IN)
                         net (fo=0)                   0.000     0.000    clk100
    R4                   IBUF (Prop_ibuf_I_O)         1.475     1.475 r  clk100_IBUF_inst/O
                         net (fo=1, routed)           2.114     3.589    clk100_IBUF
    BUFGCTRL_X0Y0        BUFG (Prop_bufg_I_O)         0.096     3.685 r  clk100_IBUF_BUFG_inst/O
                         net (fo=114, routed)         2.008     5.693    sine_gen_inst/CLK
    SLICE_X2Y77          FDRE                                         r  sine_gen_inst/phase_index_reg[24]/C
  -------------------------------------------------------------------    -------------------
    SLICE_X2Y77          FDRE (Prop_fdre_C_Q)         0.518     6.211 r  sine_gen_inst/phase_index_reg[24]/Q
                         net (fo=7, routed)           0.829     7.040    sine_gen_inst/phase_index_reg_n_0_[24]
    SLICE_X1Y76          LUT2 (Prop_lut2_I0_O)        0.124     7.164 r  sine_gen_inst/g0_b1_i_2/O
                         net (fo=15, routed)          1.604     8.768    sine_gen_inst/rom_addr[1]
    SLICE_X1Y76          LUT6 (Prop_lut6_I1_O)        0.124     8.892 r  sine_gen_inst/g0_b7/O
                         net (fo=1, routed)           0.430     9.322    sine_gen_inst/g0_b7_n_0
    SLICE_X3Y76          LUT2 (Prop_lut2_I1_O)        0.124     9.446 r  sine_gen_inst/sine_out[7]_i_2/O
                         net (fo=1, routed)           0.000     9.446    sine_gen_inst/sine_out[7]_i_2_n_0
    SLICE_X3Y76          CARRY4 (Prop_carry4_S[3]_CO[3])
                                                      0.401     9.847 r  sine_gen_inst/sine_out_reg[7]_i_1/CO[3]
                         net (fo=1, routed)           0.000     9.847    sine_gen_inst/sine_out_reg[7]_i_1_n_0
    SLICE_X3Y77          CARRY4 (Prop_carry4_CI_O[0])
                                                      0.223    10.070 r  sine_gen_inst/sine_out_reg[11]_i_1/O[0]
                         net (fo=1, routed)           0.000    10.070    sine_gen_inst/p_0_in[8]
    SLICE_X3Y77          FDRE                                         r  sine_gen_inst/sine_out_reg[8]/D
  -------------------------------------------------------------------    -------------------

                         (clock sys_clk_pin rise edge)
                                                     10.000    10.000 r  
    R4                                                0.000    10.000 r  clk100 (IN)
                         net (fo=0)                   0.000    10.000    clk100
    R4                   IBUF (Prop_ibuf_I_O)         1.405    11.405 r  clk100_IBUF_inst/O
                         net (fo=1, routed)           2.004    13.409    clk100_IBUF
    BUFGCTRL_X0Y0        BUFG (Prop_bufg_I_O)         0.091    13.500 r  clk100_IBUF_BUFG_inst/O
                         net (fo=114, routed)         1.884    15.384    sine_gen_inst/CLK
    SLICE_X3Y77          FDRE                                         r  sine_gen_inst/sine_out_reg[8]/C
                         clock pessimism              0.287    15.671    
                         clock uncertainty           -0.035    15.636    
    SLICE_X3Y77          FDRE (Setup_fdre_C_D)        0.062    15.698    sine_gen_inst/sine_out_reg[8]
  -------------------------------------------------------------------
                         required time                         15.698    
                         arrival time                         -10.070    
  -------------------------------------------------------------------
                         slack                                  5.628    

Slack (MET) :             5.658ns  (required time - arrival time)
  Source:                 sine_gen_inst/phase_index_reg[24]/C
                            (rising edge-triggered cell FDRE clocked by sys_clk_pin  {rise@0.000ns fall@5.000ns period=10.000ns})
  Destination:            sine_gen_inst/sine_out_reg[5]/D
                            (rising edge-triggered cell FDRE clocked by sys_clk_pin  {rise@0.000ns fall@5.000ns period=10.000ns})
  Path Group:             sys_clk_pin
  Path Type:              Setup (Max at Slow Process Corner)
  Requirement:            10.000ns  (sys_clk_pin rise@10.000ns - sys_clk_pin rise@0.000ns)
  Data Path Delay:        4.346ns  (logic 2.004ns (46.113%)  route 2.342ns (53.887%))
  Logic Levels:           5  (CARRY4=2 LUT2=2 LUT6=1)
  Clock Path Skew:        -0.023ns (DCD - SCD + CPR)
    Destination Clock Delay (DCD):    5.383ns = ( 15.383 - 10.000 ) 
    Source Clock Delay      (SCD):    5.693ns
    Clock Pessimism Removal (CPR):    0.287ns
  Clock Uncertainty:      0.035ns  ((TSJ^2 + TIJ^2)^1/2 + DJ) / 2 + PE
    Total System Jitter     (TSJ):    0.071ns
    Total Input Jitter      (TIJ):    0.000ns
    Discrete Jitter          (DJ):    0.000ns
    Phase Error              (PE):    0.000ns

    Location             Delay type                Incr(ns)  Path(ns)    Netlist Resource(s)
  -------------------------------------------------------------------    -------------------
                         (clock sys_clk_pin rise edge)
                                                      0.000     0.000 r  
    R4                                                0.000     0.000 r  clk100 (IN)
                         net (fo=0)                   0.000     0.000    clk100
    R4                   IBUF (Prop_ibuf_I_O)         1.475     1.475 r  clk100_IBUF_inst/O
                         net (fo=1, routed)           2.114     3.589    clk100_IBUF
    BUFGCTRL_X0Y0        BUFG (Prop_bufg_I_O)         0.096     3.685 r  clk100_IBUF_BUFG_inst/O
                         net (fo=114, routed)         2.008     5.693    sine_gen_inst/CLK
    SLICE_X2Y77          FDRE                                         r  sine_gen_inst/phase_index_reg[24]/C
  -------------------------------------------------------------------    -------------------
    SLICE_X2Y77          FDRE (Prop_fdre_C_Q)         0.518     6.211 r  sine_gen_inst/phase_index_reg[24]/Q
                         net (fo=7, routed)           0.829     7.040    sine_gen_inst/phase_index_reg_n_0_[24]
    SLICE_X1Y76          LUT2 (Prop_lut2_I0_O)        0.152     7.192 r  sine_gen_inst/g0_b1_i_1/O
                         net (fo=15, routed)          1.089     8.281    sine_gen_inst/rom_addr[0]
    SLICE_X1Y75          LUT6 (Prop_lut6_I0_O)        0.326     8.607 r  sine_gen_inst/g0_b1/O
                         net (fo=1, routed)           0.424     9.031    sine_gen_inst/g0_b1_n_0
    SLICE_X3Y75          LUT2 (Prop_lut2_I1_O)        0.124     9.155 r  sine_gen_inst/sine_out[3]_i_4/O
                         net (fo=1, routed)           0.000     9.155    sine_gen_inst/sine_out[3]_i_4_n_0
    SLICE_X3Y75          CARRY4 (Prop_carry4_S[1]_CO[3])
                                                      0.550     9.705 r  sine_gen_inst/sine_out_reg[3]_i_1/CO[3]
                         net (fo=1, routed)           0.000     9.705    sine_gen_inst/sine_out_reg[3]_i_1_n_0
    SLICE_X3Y76          CARRY4 (Prop_carry4_CI_O[1])
                                                      0.334    10.039 r  sine_gen_inst/sine_out_reg[7]_i_1/O[1]
                         net (fo=1, routed)           0.000    10.039    sine_gen_inst/p_0_in[5]
    SLICE_X3Y76          FDRE                                         r  sine_gen_inst/sine_out_reg[5]/D
  -------------------------------------------------------------------    -------------------

                         (clock sys_clk_pin rise edge)
                                                     10.000    10.000 r  
    R4                                                0.000    10.000 r  clk100 (IN)
                         net (fo=0)                   0.000    10.000    clk100
    R4                   IBUF (Prop_ibuf_I_O)         1.405    11.405 r  clk100_IBUF_inst/O
                         net (fo=1, routed)           2.004    13.409    clk100_IBUF
    BUFGCTRL_X0Y0        BUFG (Prop_bufg_I_O)         0.091    13.500 r  clk100_IBUF_BUFG_inst/O
                         net (fo=114, routed)         1.883    15.383    sine_gen_inst/CLK
    SLICE_X3Y76          FDRE                                         r  sine_gen_inst/sine_out_reg[5]/C
                         clock pessimism              0.287    15.670    
                         clock uncertainty           -0.035    15.635    
    SLICE_X3Y76          FDRE (Setup_fdre_C_D)        0.062    15.697    sine_gen_inst/sine_out_reg[5]
  -------------------------------------------------------------------
                         required time                         15.697    
                         arrival time                         -10.039    
  -------------------------------------------------------------------
                         slack                                  5.658    

Slack (MET) :             5.679ns  (required time - arrival time)
  Source:                 sine_gen_inst/phase_index_reg[24]/C
                            (rising edge-triggered cell FDRE clocked by sys_clk_pin  {rise@0.000ns fall@5.000ns period=10.000ns})
  Destination:            sine_gen_inst/sine_out_reg[7]/D
                            (rising edge-triggered cell FDRE clocked by sys_clk_pin  {rise@0.000ns fall@5.000ns period=10.000ns})
  Path Group:             sys_clk_pin
  Path Type:              Setup (Max at Slow Process Corner)
  Requirement:            10.000ns  (sys_clk_pin rise@10.000ns - sys_clk_pin rise@0.000ns)
  Data Path Delay:        4.325ns  (logic 1.983ns (45.851%)  route 2.342ns (54.149%))
  Logic Levels:           5  (CARRY4=2 LUT2=2 LUT6=1)
  Clock Path Skew:        -0.023ns (DCD - SCD + CPR)
    Destination Clock Delay (DCD):    5.383ns = ( 15.383 - 10.000 ) 
    Source Clock Delay      (SCD):    5.693ns
    Clock Pessimism Removal (CPR):    0.287ns
  Clock Uncertainty:      0.035ns  ((TSJ^2 + TIJ^2)^1/2 + DJ) / 2 + PE
    Total System Jitter     (TSJ):    0.071ns
    Total Input Jitter      (TIJ):    0.000ns
    Discrete Jitter          (DJ):    0.000ns
    Phase Error              (PE):    0.000ns

    Location             Delay type                Incr(ns)  Path(ns)    Netlist Resource(s)
  -------------------------------------------------------------------    -------------------
                         (clock sys_clk_pin rise edge)
                                                      0.000     0.000 r  
    R4                                                0.000     0.000 r  clk100 (IN)
                         net (fo=0)                   0.000     0.000    clk100
    R4                   IBUF (Prop_ibuf_I_O)         1.475     1.475 r  clk100_IBUF_inst/O
                         net (fo=1, routed)           2.114     3.589    clk100_IBUF
    BUFGCTRL_X0Y0        BUFG (Prop_bufg_I_O)         0.096     3.685 r  clk100_IBUF_BUFG_inst/O
                         net (fo=114, routed)         2.008     5.693    sine_gen_inst/CLK
    SLICE_X2Y77          FDRE                                         r  sine_gen_inst/phase_index_reg[24]/C
  -------------------------------------------------------------------    -------------------
    SLICE_X2Y77          FDRE (Prop_fdre_C_Q)         0.518     6.211 r  sine_gen_inst/phase_index_reg[24]/Q
                         net (fo=7, routed)           0.829     7.040    sine_gen_inst/phase_index_reg_n_0_[24]
    SLICE_X1Y76          LUT2 (Prop_lut2_I0_O)        0.152     7.192 r  sine_gen_inst/g0_b1_i_1/O
                         net (fo=15, routed)          1.089     8.281    sine_gen_inst/rom_addr[0]
    SLICE_X1Y75          LUT6 (Prop_lut6_I0_O)        0.326     8.607 r  sine_gen_inst/g0_b1/O
                         net (fo=1, routed)           0.424     9.031    sine_gen_inst/g0_b1_n_0
    SLICE_X3Y75          LUT2 (Prop_lut2_I1_O)        0.124     9.155 r  sine_gen_inst/sine_out[3]_i_4/O
                         net (fo=1, routed)           0.000     9.155    sine_gen_inst/sine_out[3]_i_4_n_0
    SLICE_X3Y75          CARRY4 (Prop_carry4_S[1]_CO[3])
                                                      0.550     9.705 r  sine_gen_inst/sine_out_reg[3]_i_1/CO[3]
                         net (fo=1, routed)           0.000     9.705    sine_gen_inst/sine_out_reg[3]_i_1_n_0
    SLICE_X3Y76          CARRY4 (Prop_carry4_CI_O[3])
                                                      0.313    10.018 r  sine_gen_inst/sine_out_reg[7]_i_1/O[3]
                         net (fo=1, routed)           0.000    10.018    sine_gen_inst/p_0_in[7]
    SLICE_X3Y76          FDRE                                         r  sine_gen_inst/sine_out_reg[7]/D
  -------------------------------------------------------------------    -------------------

                         (clock sys_clk_pin rise edge)
                                                     10.000    10.000 r  
    R4                                                0.000    10.000 r  clk100 (IN)
                         net (fo=0)                   0.000    10.000    clk100
    R4                   IBUF (Prop_ibuf_I_O)         1.405    11.405 r  clk100_IBUF_inst/O
                         net (fo=1, routed)           2.004    13.409    clk100_IBUF
    BUFGCTRL_X0Y0        BUFG (Prop_bufg_I_O)         0.091    13.500 r  clk100_IBUF_BUFG_inst/O
                         net (fo=114, routed)         1.883    15.383    sine_gen_inst/CLK
    SLICE_X3Y76          FDRE                                         r  sine_gen_inst/sine_out_reg[7]/C
                         clock pessimism              0.287    15.670    
                         clock uncertainty           -0.035    15.635    
    SLICE_X3Y76          FDRE (Setup_fdre_C_D)        0.062    15.697    sine_gen_inst/sine_out_reg[7]
  -------------------------------------------------------------------
                         required time                         15.697    
                         arrival time                         -10.018    
  -------------------------------------------------------------------
                         slack                                  5.679    





Min Delay Paths
--------------------------------------------------------------------------------------
Slack (MET) :             0.159ns  (arrival time - required time)
  Source:                 sine_gen_inst/sine_out_reg[14]/C
                            (rising edge-triggered cell FDRE clocked by sys_clk_pin  {rise@0.000ns fall@5.000ns period=10.000ns})
  Destination:            dsd_mod_inst/pcm_latched_reg[21]/D
                            (rising edge-triggered cell FDRE clocked by sys_clk_pin  {rise@0.000ns fall@5.000ns period=10.000ns})
  Path Group:             sys_clk_pin
  Path Type:              Hold (Min at Fast Process Corner)
  Requirement:            0.000ns  (sys_clk_pin rise@0.000ns - sys_clk_pin rise@0.000ns)
  Data Path Delay:        0.257ns  (logic 0.141ns (54.812%)  route 0.116ns (45.188%))
  Logic Levels:           0  
  Clock Path Skew:        0.035ns (DCD - SCD - CPR)
    Destination Clock Delay (DCD):    2.179ns
    Source Clock Delay      (SCD):    1.658ns
    Clock Pessimism Removal (CPR):    0.486ns

    Location             Delay type                Incr(ns)  Path(ns)    Netlist Resource(s)
  -------------------------------------------------------------------    -------------------
                         (clock sys_clk_pin rise edge)
                                                      0.000     0.000 r  
    R4                                                0.000     0.000 r  clk100 (IN)
                         net (fo=0)                   0.000     0.000    clk100
    R4                   IBUF (Prop_ibuf_I_O)         0.243     0.243 r  clk100_IBUF_inst/O
                         net (fo=1, routed)           0.676     0.919    clk100_IBUF
    BUFGCTRL_X0Y0        BUFG (Prop_bufg_I_O)         0.026     0.945 r  clk100_IBUF_BUFG_inst/O
                         net (fo=114, routed)         0.713     1.658    sine_gen_inst/CLK
    SLICE_X3Y78          FDRE                                         r  sine_gen_inst/sine_out_reg[14]/C
  -------------------------------------------------------------------    -------------------
    SLICE_X3Y78          FDRE (Prop_fdre_C_Q)         0.141     1.799 r  sine_gen_inst/sine_out_reg[14]/Q
                         net (fo=1, routed)           0.116     1.916    dsd_mod_inst/Q[14]
    SLICE_X6Y78          FDRE                                         r  dsd_mod_inst/pcm_latched_reg[21]/D
  -------------------------------------------------------------------    -------------------

                         (clock sys_clk_pin rise edge)
                                                      0.000     0.000 r  
    R4                                                0.000     0.000 r  clk100 (IN)
                         net (fo=0)                   0.000     0.000    clk100
    R4                   IBUF (Prop_ibuf_I_O)         0.431     0.431 r  clk100_IBUF_inst/O
                         net (fo=1, routed)           0.734     1.165    clk100_IBUF
    BUFGCTRL_X0Y0        BUFG (Prop_bufg_I_O)         0.029     1.194 r  clk100_IBUF_BUFG_inst/O
                         net (fo=114, routed)         0.986     2.179    dsd_mod_inst/clk100_IBUF_BUFG
    SLICE_X6Y78          FDRE                                         r  dsd_mod_inst/pcm_latched_reg[21]/C
                         clock pessimism             -0.486     1.693    
    SLICE_X6Y78          FDRE (Hold_fdre_C_D)         0.063     1.756    dsd_mod_inst/pcm_latched_reg[21]
  -------------------------------------------------------------------
                         required time                         -1.756    
                         arrival time                           1.916    
  -------------------------------------------------------------------
                         slack                                  0.159    

Slack (MET) :             0.159ns  (arrival time - required time)
  Source:                 sine_gen_inst/sine_out_reg[15]/C
                            (rising edge-triggered cell FDRE clocked by sys_clk_pin  {rise@0.000ns fall@5.000ns period=10.000ns})
  Destination:            dsd_mod_inst/pcm_latched_reg[23]/D
                            (rising edge-triggered cell FDRE clocked by sys_clk_pin  {rise@0.000ns fall@5.000ns period=10.000ns})
  Path Group:             sys_clk_pin
  Path Type:              Hold (Min at Fast Process Corner)
  Requirement:            0.000ns  (sys_clk_pin rise@0.000ns - sys_clk_pin rise@0.000ns)
  Data Path Delay:        0.257ns  (logic 0.141ns (54.812%)  route 0.116ns (45.188%))
  Logic Levels:           0  
  Clock Path Skew:        0.035ns (DCD - SCD - CPR)
    Destination Clock Delay (DCD):    2.179ns
    Source Clock Delay      (SCD):    1.658ns
    Clock Pessimism Removal (CPR):    0.486ns

    Location             Delay type                Incr(ns)  Path(ns)    Netlist Resource(s)
  -------------------------------------------------------------------    -------------------
                         (clock sys_clk_pin rise edge)
                                                      0.000     0.000 r  
    R4                                                0.000     0.000 r  clk100 (IN)
                         net (fo=0)                   0.000     0.000    clk100
    R4                   IBUF (Prop_ibuf_I_O)         0.243     0.243 r  clk100_IBUF_inst/O
                         net (fo=1, routed)           0.676     0.919    clk100_IBUF
    BUFGCTRL_X0Y0        BUFG (Prop_bufg_I_O)         0.026     0.945 r  clk100_IBUF_BUFG_inst/O
                         net (fo=114, routed)         0.713     1.658    sine_gen_inst/CLK
    SLICE_X3Y78          FDRE                                         r  sine_gen_inst/sine_out_reg[15]/C
  -------------------------------------------------------------------    -------------------
    SLICE_X3Y78          FDRE (Prop_fdre_C_Q)         0.141     1.799 r  sine_gen_inst/sine_out_reg[15]/Q
                         net (fo=1, routed)           0.116     1.916    dsd_mod_inst/Q[15]
    SLICE_X6Y78          FDRE                                         r  dsd_mod_inst/pcm_latched_reg[23]/D
  -------------------------------------------------------------------    -------------------

                         (clock sys_clk_pin rise edge)
                                                      0.000     0.000 r  
    R4                                                0.000     0.000 r  clk100 (IN)
                         net (fo=0)                   0.000     0.000    clk100
    R4                   IBUF (Prop_ibuf_I_O)         0.431     0.431 r  clk100_IBUF_inst/O
                         net (fo=1, routed)           0.734     1.165    clk100_IBUF
    BUFGCTRL_X0Y0        BUFG (Prop_bufg_I_O)         0.029     1.194 r  clk100_IBUF_BUFG_inst/O
                         net (fo=114, routed)         0.986     2.179    dsd_mod_inst/clk100_IBUF_BUFG
    SLICE_X6Y78          FDRE                                         r  dsd_mod_inst/pcm_latched_reg[23]/C
                         clock pessimism             -0.486     1.693    
    SLICE_X6Y78          FDRE (Hold_fdre_C_D)         0.063     1.756    dsd_mod_inst/pcm_latched_reg[23]
  -------------------------------------------------------------------
                         required time                         -1.756    
                         arrival time                           1.916    
  -------------------------------------------------------------------
                         slack                                  0.159    

Slack (MET) :             0.160ns  (arrival time - required time)
  Source:                 sine_gen_inst/sine_out_reg[10]/C
                            (rising edge-triggered cell FDRE clocked by sys_clk_pin  {rise@0.000ns fall@5.000ns period=10.000ns})
  Destination:            dsd_mod_inst/pcm_latched_reg[17]/D
                            (rising edge-triggered cell FDRE clocked by sys_clk_pin  {rise@0.000ns fall@5.000ns period=10.000ns})
  Path Group:             sys_clk_pin
  Path Type:              Hold (Min at Fast Process Corner)
  Requirement:            0.000ns  (sys_clk_pin rise@0.000ns - sys_clk_pin rise@0.000ns)
  Data Path Delay:        0.257ns  (logic 0.141ns (54.812%)  route 0.116ns (45.188%))
  Logic Levels:           0  
  Clock Path Skew:        0.034ns (DCD - SCD - CPR)
    Destination Clock Delay (DCD):    2.178ns
    Source Clock Delay      (SCD):    1.658ns
    Clock Pessimism Removal (CPR):    0.486ns

    Location             Delay type                Incr(ns)  Path(ns)    Netlist Resource(s)
  -------------------------------------------------------------------    -------------------
                         (clock sys_clk_pin rise edge)
                                                      0.000     0.000 r  
    R4                                                0.000     0.000 r  clk100 (IN)
                         net (fo=0)                   0.000     0.000    clk100
    R4                   IBUF (Prop_ibuf_I_O)         0.243     0.243 r  clk100_IBUF_inst/O
                         net (fo=1, routed)           0.676     0.919    clk100_IBUF
    BUFGCTRL_X0Y0        BUFG (Prop_bufg_I_O)         0.026     0.945 r  clk100_IBUF_BUFG_inst/O
                         net (fo=114, routed)         0.713     1.658    sine_gen_inst/CLK
    SLICE_X3Y77          FDRE                                         r  sine_gen_inst/sine_out_reg[10]/C
  -------------------------------------------------------------------    -------------------
    SLICE_X3Y77          FDRE (Prop_fdre_C_Q)         0.141     1.799 r  sine_gen_inst/sine_out_reg[10]/Q
                         net (fo=1, routed)           0.116     1.916    dsd_mod_inst/Q[10]
    SLICE_X6Y77          FDRE                                         r  dsd_mod_inst/pcm_latched_reg[17]/D
  -------------------------------------------------------------------    -------------------

                         (clock sys_clk_pin rise edge)
                                                      0.000     0.000 r  
    R4                                                0.000     0.000 r  clk100 (IN)
                         net (fo=0)                   0.000     0.000    clk100
    R4                   IBUF (Prop_ibuf_I_O)         0.431     0.431 r  clk100_IBUF_inst/O
                         net (fo=1, routed)           0.734     1.165    clk100_IBUF
    BUFGCTRL_X0Y0        BUFG (Prop_bufg_I_O)         0.029     1.194 r  clk100_IBUF_BUFG_inst/O
                         net (fo=114, routed)         0.985     2.178    dsd_mod_inst/clk100_IBUF_BUFG
    SLICE_X6Y77          FDRE                                         r  dsd_mod_inst/pcm_latched_reg[17]/C
                         clock pessimism             -0.486     1.692    
    SLICE_X6Y77          FDRE (Hold_fdre_C_D)         0.063     1.755    dsd_mod_inst/pcm_latched_reg[17]
  -------------------------------------------------------------------
                         required time                         -1.755    
                         arrival time                           1.916    
  -------------------------------------------------------------------
                         slack                                  0.160    

Slack (MET) :             0.160ns  (arrival time - required time)
  Source:                 sine_gen_inst/sine_out_reg[11]/C
                            (rising edge-triggered cell FDRE clocked by sys_clk_pin  {rise@0.000ns fall@5.000ns period=10.000ns})
  Destination:            dsd_mod_inst/pcm_latched_reg[18]/D
                            (rising edge-triggered cell FDRE clocked by sys_clk_pin  {rise@0.000ns fall@5.000ns period=10.000ns})
  Path Group:             sys_clk_pin
  Path Type:              Hold (Min at Fast Process Corner)
  Requirement:            0.000ns  (sys_clk_pin rise@0.000ns - sys_clk_pin rise@0.000ns)
  Data Path Delay:        0.257ns  (logic 0.141ns (54.812%)  route 0.116ns (45.188%))
  Logic Levels:           0  
  Clock Path Skew:        0.034ns (DCD - SCD - CPR)
    Destination Clock Delay (DCD):    2.178ns
    Source Clock Delay      (SCD):    1.658ns
    Clock Pessimism Removal (CPR):    0.486ns

    Location             Delay type                Incr(ns)  Path(ns)    Netlist Resource(s)
  -------------------------------------------------------------------    -------------------
                         (clock sys_clk_pin rise edge)
                                                      0.000     0.000 r  
    R4                                                0.000     0.000 r  clk100 (IN)
                         net (fo=0)                   0.000     0.000    clk100
    R4                   IBUF (Prop_ibuf_I_O)         0.243     0.243 r  clk100_IBUF_inst/O
                         net (fo=1, routed)           0.676     0.919    clk100_IBUF
    BUFGCTRL_X0Y0        BUFG (Prop_bufg_I_O)         0.026     0.945 r  clk100_IBUF_BUFG_inst/O
                         net (fo=114, routed)         0.713     1.658    sine_gen_inst/CLK
    SLICE_X3Y77          FDRE                                         r  sine_gen_inst/sine_out_reg[11]/C
  -------------------------------------------------------------------    -------------------
    SLICE_X3Y77          FDRE (Prop_fdre_C_Q)         0.141     1.799 r  sine_gen_inst/sine_out_reg[11]/Q
                         net (fo=1, routed)           0.116     1.916    dsd_mod_inst/Q[11]
    SLICE_X6Y77          FDRE                                         r  dsd_mod_inst/pcm_latched_reg[18]/D
  -------------------------------------------------------------------    -------------------

                         (clock sys_clk_pin rise edge)
                                                      0.000     0.000 r  
    R4                                                0.000     0.000 r  clk100 (IN)
                         net (fo=0)                   0.000     0.000    clk100
    R4                   IBUF (Prop_ibuf_I_O)         0.431     0.431 r  clk100_IBUF_inst/O
                         net (fo=1, routed)           0.734     1.165    clk100_IBUF
    BUFGCTRL_X0Y0        BUFG (Prop_bufg_I_O)         0.029     1.194 r  clk100_IBUF_BUFG_inst/O
                         net (fo=114, routed)         0.985     2.178    dsd_mod_inst/clk100_IBUF_BUFG
    SLICE_X6Y77          FDRE                                         r  dsd_mod_inst/pcm_latched_reg[18]/C
                         clock pessimism             -0.486     1.692    
    SLICE_X6Y77          FDRE (Hold_fdre_C_D)         0.063     1.755    dsd_mod_inst/pcm_latched_reg[18]
  -------------------------------------------------------------------
                         required time                         -1.755    
                         arrival time                           1.916    
  -------------------------------------------------------------------
                         slack                                  0.160    

Slack (MET) :             0.160ns  (arrival time - required time)
  Source:                 sine_gen_inst/sine_out_reg[6]/C
                            (rising edge-triggered cell FDRE clocked by sys_clk_pin  {rise@0.000ns fall@5.000ns period=10.000ns})
  Destination:            dsd_mod_inst/pcm_latched_reg[13]/D
                            (rising edge-triggered cell FDRE clocked by sys_clk_pin  {rise@0.000ns fall@5.000ns period=10.000ns})
  Path Group:             sys_clk_pin
  Path Type:              Hold (Min at Fast Process Corner)
  Requirement:            0.000ns  (sys_clk_pin rise@0.000ns - sys_clk_pin rise@0.000ns)
  Data Path Delay:        0.257ns  (logic 0.141ns (54.812%)  route 0.116ns (45.188%))
  Logic Levels:           0  
  Clock Path Skew:        0.034ns (DCD - SCD - CPR)
    Destination Clock Delay (DCD):    2.176ns
    Source Clock Delay      (SCD):    1.656ns
    Clock Pessimism Removal (CPR):    0.486ns

    Location             Delay type                Incr(ns)  Path(ns)    Netlist Resource(s)
  -------------------------------------------------------------------    -------------------
                         (clock sys_clk_pin rise edge)
                                                      0.000     0.000 r  
    R4                                                0.000     0.000 r  clk100 (IN)
                         net (fo=0)                   0.000     0.000    clk100
    R4                   IBUF (Prop_ibuf_I_O)         0.243     0.243 r  clk100_IBUF_inst/O
                         net (fo=1, routed)           0.676     0.919    clk100_IBUF
    BUFGCTRL_X0Y0        BUFG (Prop_bufg_I_O)         0.026     0.945 r  clk100_IBUF_BUFG_inst/O
                         net (fo=114, routed)         0.711     1.656    sine_gen_inst/CLK
    SLICE_X3Y76          FDRE                                         r  sine_gen_inst/sine_out_reg[6]/C
  -------------------------------------------------------------------    -------------------
    SLICE_X3Y76          FDRE (Prop_fdre_C_Q)         0.141     1.797 r  sine_gen_inst/sine_out_reg[6]/Q
                         net (fo=1, routed)           0.116     1.914    dsd_mod_inst/Q[6]
    SLICE_X6Y76          FDRE                                         r  dsd_mod_inst/pcm_latched_reg[13]/D
  -------------------------------------------------------------------    -------------------

                         (clock sys_clk_pin rise edge)
                                                      0.000     0.000 r  
    R4                                                0.000     0.000 r  clk100 (IN)
                         net (fo=0)                   0.000     0.000    clk100
    R4                   IBUF (Prop_ibuf_I_O)         0.431     0.431 r  clk100_IBUF_inst/O
                         net (fo=1, routed)           0.734     1.165    clk100_IBUF
    BUFGCTRL_X0Y0        BUFG (Prop_bufg_I_O)         0.029     1.194 r  clk100_IBUF_BUFG_inst/O
                         net (fo=114, routed)         0.983     2.176    dsd_mod_inst/clk100_IBUF_BUFG
    SLICE_X6Y76          FDRE                                         r  dsd_mod_inst/pcm_latched_reg[13]/C
                         clock pessimism             -0.486     1.690    
    SLICE_X6Y76          FDRE (Hold_fdre_C_D)         0.063     1.753    dsd_mod_inst/pcm_latched_reg[13]
  -------------------------------------------------------------------
                         required time                         -1.753    
                         arrival time                           1.914    
  -------------------------------------------------------------------
                         slack                                  0.160    

Slack (MET) :             0.160ns  (arrival time - required time)
  Source:                 sine_gen_inst/sine_out_reg[7]/C
                            (rising edge-triggered cell FDRE clocked by sys_clk_pin  {rise@0.000ns fall@5.000ns period=10.000ns})
  Destination:            dsd_mod_inst/pcm_latched_reg[14]/D
                            (rising edge-triggered cell FDRE clocked by sys_clk_pin  {rise@0.000ns fall@5.000ns period=10.000ns})
  Path Group:             sys_clk_pin
  Path Type:              Hold (Min at Fast Process Corner)
  Requirement:            0.000ns  (sys_clk_pin rise@0.000ns - sys_clk_pin rise@0.000ns)
  Data Path Delay:        0.257ns  (logic 0.141ns (54.812%)  route 0.116ns (45.188%))
  Logic Levels:           0  
  Clock Path Skew:        0.034ns (DCD - SCD - CPR)
    Destination Clock Delay (DCD):    2.176ns
    Source Clock Delay      (SCD):    1.656ns
    Clock Pessimism Removal (CPR):    0.486ns

    Location             Delay type                Incr(ns)  Path(ns)    Netlist Resource(s)
  -------------------------------------------------------------------    -------------------
                         (clock sys_clk_pin rise edge)
                                                      0.000     0.000 r  
    R4                                                0.000     0.000 r  clk100 (IN)
                         net (fo=0)                   0.000     0.000    clk100
    R4                   IBUF (Prop_ibuf_I_O)         0.243     0.243 r  clk100_IBUF_inst/O
                         net (fo=1, routed)           0.676     0.919    clk100_IBUF
    BUFGCTRL_X0Y0        BUFG (Prop_bufg_I_O)         0.026     0.945 r  clk100_IBUF_BUFG_inst/O
                         net (fo=114, routed)         0.711     1.656    sine_gen_inst/CLK
    SLICE_X3Y76          FDRE                                         r  sine_gen_inst/sine_out_reg[7]/C
  -------------------------------------------------------------------    -------------------
    SLICE_X3Y76          FDRE (Prop_fdre_C_Q)         0.141     1.797 r  sine_gen_inst/sine_out_reg[7]/Q
                         net (fo=1, routed)           0.116     1.914    dsd_mod_inst/Q[7]
    SLICE_X6Y76          FDRE                                         r  dsd_mod_inst/pcm_latched_reg[14]/D
  -------------------------------------------------------------------    -------------------

                         (clock sys_clk_pin rise edge)
                                                      0.000     0.000 r  
    R4                                                0.000     0.000 r  clk100 (IN)
                         net (fo=0)                   0.000     0.000    clk100
    R4                   IBUF (Prop_ibuf_I_O)         0.431     0.431 r  clk100_IBUF_inst/O
                         net (fo=1, routed)           0.734     1.165    clk100_IBUF
    BUFGCTRL_X0Y0        BUFG (Prop_bufg_I_O)         0.029     1.194 r  clk100_IBUF_BUFG_inst/O
                         net (fo=114, routed)         0.983     2.176    dsd_mod_inst/clk100_IBUF_BUFG
    SLICE_X6Y76          FDRE                                         r  dsd_mod_inst/pcm_latched_reg[14]/C
                         clock pessimism             -0.486     1.690    
    SLICE_X6Y76          FDRE (Hold_fdre_C_D)         0.063     1.753    dsd_mod_inst/pcm_latched_reg[14]
  -------------------------------------------------------------------
                         required time                         -1.753    
                         arrival time                           1.914    
  -------------------------------------------------------------------
                         slack                                  0.160    

Slack (MET) :             0.163ns  (arrival time - required time)
  Source:                 sine_gen_inst/sine_out_reg[12]/C
                            (rising edge-triggered cell FDRE clocked by sys_clk_pin  {rise@0.000ns fall@5.000ns period=10.000ns})
  Destination:            dsd_mod_inst/pcm_latched_reg[19]/D
                            (rising edge-triggered cell FDRE clocked by sys_clk_pin  {rise@0.000ns fall@5.000ns period=10.000ns})
  Path Group:             sys_clk_pin
  Path Type:              Hold (Min at Fast Process Corner)
  Requirement:            0.000ns  (sys_clk_pin rise@0.000ns - sys_clk_pin rise@0.000ns)
  Data Path Delay:        0.257ns  (logic 0.141ns (54.812%)  route 0.116ns (45.188%))
  Logic Levels:           0  
  Clock Path Skew:        0.035ns (DCD - SCD - CPR)
    Destination Clock Delay (DCD):    2.179ns
    Source Clock Delay      (SCD):    1.658ns
    Clock Pessimism Removal (CPR):    0.486ns

    Location             Delay type                Incr(ns)  Path(ns)    Netlist Resource(s)
  -------------------------------------------------------------------    -------------------
                         (clock sys_clk_pin rise edge)
                                                      0.000     0.000 r  
    R4                                                0.000     0.000 r  clk100 (IN)
                         net (fo=0)                   0.000     0.000    clk100
    R4                   IBUF (Prop_ibuf_I_O)         0.243     0.243 r  clk100_IBUF_inst/O
                         net (fo=1, routed)           0.676     0.919    clk100_IBUF
    BUFGCTRL_X0Y0        BUFG (Prop_bufg_I_O)         0.026     0.945 r  clk100_IBUF_BUFG_inst/O
                         net (fo=114, routed)         0.713     1.658    sine_gen_inst/CLK
    SLICE_X3Y78          FDRE                                         r  sine_gen_inst/sine_out_reg[12]/C
  -------------------------------------------------------------------    -------------------
    SLICE_X3Y78          FDRE (Prop_fdre_C_Q)         0.141     1.799 r  sine_gen_inst/sine_out_reg[12]/Q
                         net (fo=1, routed)           0.116     1.916    dsd_mod_inst/Q[12]
    SLICE_X6Y78          FDRE                                         r  dsd_mod_inst/pcm_latched_reg[19]/D
  -------------------------------------------------------------------    -------------------

                         (clock sys_clk_pin rise edge)
                                                      0.000     0.000 r  
    R4                                                0.000     0.000 r  clk100 (IN)
                         net (fo=0)                   0.000     0.000    clk100
    R4                   IBUF (Prop_ibuf_I_O)         0.431     0.431 r  clk100_IBUF_inst/O
                         net (fo=1, routed)           0.734     1.165    clk100_IBUF
    BUFGCTRL_X0Y0        BUFG (Prop_bufg_I_O)         0.029     1.194 r  clk100_IBUF_BUFG_inst/O
                         net (fo=114, routed)         0.986     2.179    dsd_mod_inst/clk100_IBUF_BUFG
    SLICE_X6Y78          FDRE                                         r  dsd_mod_inst/pcm_latched_reg[19]/C
                         clock pessimism             -0.486     1.693    
    SLICE_X6Y78          FDRE (Hold_fdre_C_D)         0.059     1.752    dsd_mod_inst/pcm_latched_reg[19]
  -------------------------------------------------------------------
                         required time                         -1.752    
                         arrival time                           1.916    
  -------------------------------------------------------------------
                         slack                                  0.163    

Slack (MET) :             0.164ns  (arrival time - required time)
  Source:                 sine_gen_inst/sine_out_reg[8]/C
                            (rising edge-triggered cell FDRE clocked by sys_clk_pin  {rise@0.000ns fall@5.000ns period=10.000ns})
  Destination:            dsd_mod_inst/pcm_latched_reg[15]/D
                            (rising edge-triggered cell FDRE clocked by sys_clk_pin  {rise@0.000ns fall@5.000ns period=10.000ns})
  Path Group:             sys_clk_pin
  Path Type:              Hold (Min at Fast Process Corner)
  Requirement:            0.000ns  (sys_clk_pin rise@0.000ns - sys_clk_pin rise@0.000ns)
  Data Path Delay:        0.257ns  (logic 0.141ns (54.812%)  route 0.116ns (45.188%))
  Logic Levels:           0  
  Clock Path Skew:        0.034ns (DCD - SCD - CPR)
    Destination Clock Delay (DCD):    2.178ns
    Source Clock Delay      (SCD):    1.658ns
    Clock Pessimism Removal (CPR):    0.486ns

    Location             Delay type                Incr(ns)  Path(ns)    Netlist Resource(s)
  -------------------------------------------------------------------    -------------------
                         (clock sys_clk_pin rise edge)
                                                      0.000     0.000 r  
    R4                                                0.000     0.000 r  clk100 (IN)
                         net (fo=0)                   0.000     0.000    clk100
    R4                   IBUF (Prop_ibuf_I_O)         0.243     0.243 r  clk100_IBUF_inst/O
                         net (fo=1, routed)           0.676     0.919    clk100_IBUF
    BUFGCTRL_X0Y0        BUFG (Prop_bufg_I_O)         0.026     0.945 r  clk100_IBUF_BUFG_inst/O
                         net (fo=114, routed)         0.713     1.658    sine_gen_inst/CLK
    SLICE_X3Y77          FDRE                                         r  sine_gen_inst/sine_out_reg[8]/C
  -------------------------------------------------------------------    -------------------
    SLICE_X3Y77          FDRE (Prop_fdre_C_Q)         0.141     1.799 r  sine_gen_inst/sine_out_reg[8]/Q
                         net (fo=1, routed)           0.116     1.916    dsd_mod_inst/Q[8]
    SLICE_X6Y77          FDRE                                         r  dsd_mod_inst/pcm_latched_reg[15]/D
  -------------------------------------------------------------------    -------------------

                         (clock sys_clk_pin rise edge)
                                                      0.000     0.000 r  
    R4                                                0.000     0.000 r  clk100 (IN)
                         net (fo=0)                   0.000     0.000    clk100
    R4                   IBUF (Prop_ibuf_I_O)         0.431     0.431 r  clk100_IBUF_inst/O
                         net (fo=1, routed)           0.734     1.165    clk100_IBUF
    BUFGCTRL_X0Y0        BUFG (Prop_bufg_I_O)         0.029     1.194 r  clk100_IBUF_BUFG_inst/O
                         net (fo=114, routed)         0.985     2.178    dsd_mod_inst/clk100_IBUF_BUFG
    SLICE_X6Y77          FDRE                                         r  dsd_mod_inst/pcm_latched_reg[15]/C
                         clock pessimism             -0.486     1.692    
    SLICE_X6Y77          FDRE (Hold_fdre_C_D)         0.059     1.751    dsd_mod_inst/pcm_latched_reg[15]
  -------------------------------------------------------------------
                         required time                         -1.751    
                         arrival time                           1.916    
  -------------------------------------------------------------------
                         slack                                  0.164    

Slack (MET) :             0.164ns  (arrival time - required time)
  Source:                 sine_gen_inst/sine_out_reg[4]/C
                            (rising edge-triggered cell FDRE clocked by sys_clk_pin  {rise@0.000ns fall@5.000ns period=10.000ns})
  Destination:            dsd_mod_inst/pcm_latched_reg[11]/D
                            (rising edge-triggered cell FDRE clocked by sys_clk_pin  {rise@0.000ns fall@5.000ns period=10.000ns})
  Path Group:             sys_clk_pin
  Path Type:              Hold (Min at Fast Process Corner)
  Requirement:            0.000ns  (sys_clk_pin rise@0.000ns - sys_clk_pin rise@0.000ns)
  Data Path Delay:        0.257ns  (logic 0.141ns (54.812%)  route 0.116ns (45.188%))
  Logic Levels:           0  
  Clock Path Skew:        0.034ns (DCD - SCD - CPR)
    Destination Clock Delay (DCD):    2.176ns
    Source Clock Delay      (SCD):    1.656ns
    Clock Pessimism Removal (CPR):    0.486ns

    Location             Delay type                Incr(ns)  Path(ns)    Netlist Resource(s)
  -------------------------------------------------------------------    -------------------
                         (clock sys_clk_pin rise edge)
                                                      0.000     0.000 r  
    R4                                                0.000     0.000 r  clk100 (IN)
                         net (fo=0)                   0.000     0.000    clk100
    R4                   IBUF (Prop_ibuf_I_O)         0.243     0.243 r  clk100_IBUF_inst/O
                         net (fo=1, routed)           0.676     0.919    clk100_IBUF
    BUFGCTRL_X0Y0        BUFG (Prop_bufg_I_O)         0.026     0.945 r  clk100_IBUF_BUFG_inst/O
                         net (fo=114, routed)         0.711     1.656    sine_gen_inst/CLK
    SLICE_X3Y76          FDRE                                         r  sine_gen_inst/sine_out_reg[4]/C
  -------------------------------------------------------------------    -------------------
    SLICE_X3Y76          FDRE (Prop_fdre_C_Q)         0.141     1.797 r  sine_gen_inst/sine_out_reg[4]/Q
                         net (fo=1, routed)           0.116     1.914    dsd_mod_inst/Q[4]
    SLICE_X6Y76          FDRE                                         r  dsd_mod_inst/pcm_latched_reg[11]/D
  -------------------------------------------------------------------    -------------------

                         (clock sys_clk_pin rise edge)
                                                      0.000     0.000 r  
    R4                                                0.000     0.000 r  clk100 (IN)
                         net (fo=0)                   0.000     0.000    clk100
    R4                   IBUF (Prop_ibuf_I_O)         0.431     0.431 r  clk100_IBUF_inst/O
                         net (fo=1, routed)           0.734     1.165    clk100_IBUF
    BUFGCTRL_X0Y0        BUFG (Prop_bufg_I_O)         0.029     1.194 r  clk100_IBUF_BUFG_inst/O
                         net (fo=114, routed)         0.983     2.176    dsd_mod_inst/clk100_IBUF_BUFG
    SLICE_X6Y76          FDRE                                         r  dsd_mod_inst/pcm_latched_reg[11]/C
                         clock pessimism             -0.486     1.690    
    SLICE_X6Y76          FDRE (Hold_fdre_C_D)         0.059     1.749    dsd_mod_inst/pcm_latched_reg[11]
  -------------------------------------------------------------------
                         required time                         -1.749    
                         arrival time                           1.914    
  -------------------------------------------------------------------
                         slack                                  0.164    

Slack (MET) :             0.170ns  (arrival time - required time)
  Source:                 sine_gen_inst/sine_out_reg[13]/C
                            (rising edge-triggered cell FDRE clocked by sys_clk_pin  {rise@0.000ns fall@5.000ns period=10.000ns})
  Destination:            dsd_mod_inst/pcm_latched_reg[20]/D
                            (rising edge-triggered cell FDRE clocked by sys_clk_pin  {rise@0.000ns fall@5.000ns period=10.000ns})
  Path Group:             sys_clk_pin
  Path Type:              Hold (Min at Fast Process Corner)
  Requirement:            0.000ns  (sys_clk_pin rise@0.000ns - sys_clk_pin rise@0.000ns)
  Data Path Delay:        0.257ns  (logic 0.141ns (54.812%)  route 0.116ns (45.188%))
  Logic Levels:           0  
  Clock Path Skew:        0.035ns (DCD - SCD - CPR)
    Destination Clock Delay (DCD):    2.179ns
    Source Clock Delay      (SCD):    1.658ns
    Clock Pessimism Removal (CPR):    0.486ns

    Location             Delay type                Incr(ns)  Path(ns)    Netlist Resource(s)
  -------------------------------------------------------------------    -------------------
                         (clock sys_clk_pin rise edge)
                                                      0.000     0.000 r  
    R4                                                0.000     0.000 r  clk100 (IN)
                         net (fo=0)                   0.000     0.000    clk100
    R4                   IBUF (Prop_ibuf_I_O)         0.243     0.243 r  clk100_IBUF_inst/O
                         net (fo=1, routed)           0.676     0.919    clk100_IBUF
    BUFGCTRL_X0Y0        BUFG (Prop_bufg_I_O)         0.026     0.945 r  clk100_IBUF_BUFG_inst/O
                         net (fo=114, routed)         0.713     1.658    sine_gen_inst/CLK
    SLICE_X3Y78          FDRE                                         r  sine_gen_inst/sine_out_reg[13]/C
  -------------------------------------------------------------------    -------------------
    SLICE_X3Y78          FDRE (Prop_fdre_C_Q)         0.141     1.799 r  sine_gen_inst/sine_out_reg[13]/Q
                         net (fo=1, routed)           0.116     1.916    dsd_mod_inst/Q[13]
    SLICE_X6Y78          FDRE                                         r  dsd_mod_inst/pcm_latched_reg[20]/D
  -------------------------------------------------------------------    -------------------

                         (clock sys_clk_pin rise edge)
                                                      0.000     0.000 r  
    R4                                                0.000     0.000 r  clk100 (IN)
                         net (fo=0)                   0.000     0.000    clk100
    R4                   IBUF (Prop_ibuf_I_O)         0.431     0.431 r  clk100_IBUF_inst/O
                         net (fo=1, routed)           0.734     1.165    clk100_IBUF
    BUFGCTRL_X0Y0        BUFG (Prop_bufg_I_O)         0.029     1.194 r  clk100_IBUF_BUFG_inst/O
                         net (fo=114, routed)         0.986     2.179    dsd_mod_inst/clk100_IBUF_BUFG
    SLICE_X6Y78          FDRE                                         r  dsd_mod_inst/pcm_latched_reg[20]/C
                         clock pessimism             -0.486     1.693    
    SLICE_X6Y78          FDRE (Hold_fdre_C_D)         0.052     1.745    dsd_mod_inst/pcm_latched_reg[20]
  -------------------------------------------------------------------
                         required time                         -1.745    
                         arrival time                           1.916    
  -------------------------------------------------------------------
                         slack                                  0.170    





Pulse Width Checks
--------------------------------------------------------------------------------------
Clock Name:         sys_clk_pin
Waveform(ns):       { 0.000 5.000 }
Period(ns):         10.000
Sources:            { clk100 }

Check Type        Corner  Lib Pin  Reference Pin  Required(ns)  Actual(ns)  Slack(ns)  Location       Pin
Min Period        n/a     BUFG/I   n/a            2.155         10.000      7.845      BUFGCTRL_X0Y0  clk100_IBUF_BUFG_inst/I
Min Period        n/a     FDRE/C   n/a            1.000         10.000      9.000      SLICE_X5Y75    dsd_mod_inst/acc1_reg[10]/C
Min Period        n/a     FDRE/C   n/a            1.000         10.000      9.000      SLICE_X5Y76    dsd_mod_inst/acc1_reg[11]/C
Min Period        n/a     FDRE/C   n/a            1.000         10.000      9.000      SLICE_X5Y76    dsd_mod_inst/acc1_reg[12]/C
Min Period        n/a     FDRE/C   n/a            1.000         10.000      9.000      SLICE_X5Y76    dsd_mod_inst/acc1_reg[13]/C
Min Period        n/a     FDRE/C   n/a            1.000         10.000      9.000      SLICE_X5Y76    dsd_mod_inst/acc1_reg[14]/C
Min Period        n/a     FDRE/C   n/a            1.000         10.000      9.000      SLICE_X5Y77    dsd_mod_inst/acc1_reg[15]/C
Min Period        n/a     FDRE/C   n/a            1.000         10.000      9.000      SLICE_X5Y77    dsd_mod_inst/acc1_reg[16]/C
Min Period        n/a     FDRE/C   n/a            1.000         10.000      9.000      SLICE_X5Y77    dsd_mod_inst/acc1_reg[17]/C
Min Period        n/a     FDRE/C   n/a            1.000         10.000      9.000      SLICE_X5Y77    dsd_mod_inst/acc1_reg[18]/C
Low Pulse Width   Slow    FDRE/C   n/a            0.500         5.000       4.500      SLICE_X5Y75    dsd_mod_inst/acc1_reg[10]/C
Low Pulse Width   Fast    FDRE/C   n/a            0.500         5.000       4.500      SLICE_X5Y75    dsd_mod_inst/acc1_reg[10]/C
Low Pulse Width   Slow    FDRE/C   n/a            0.500         5.000       4.500      SLICE_X5Y76    dsd_mod_inst/acc1_reg[11]/C
Low Pulse Width   Fast    FDRE/C   n/a            0.500         5.000       4.500      SLICE_X5Y76    dsd_mod_inst/acc1_reg[11]/C
Low Pulse Width   Slow    FDRE/C   n/a            0.500         5.000       4.500      SLICE_X5Y76    dsd_mod_inst/acc1_reg[12]/C
Low Pulse Width   Fast    FDRE/C   n/a            0.500         5.000       4.500      SLICE_X5Y76    dsd_mod_inst/acc1_reg[12]/C
Low Pulse Width   Slow    FDRE/C   n/a            0.500         5.000       4.500      SLICE_X5Y76    dsd_mod_inst/acc1_reg[13]/C
Low Pulse Width   Fast    FDRE/C   n/a            0.500         5.000       4.500      SLICE_X5Y76    dsd_mod_inst/acc1_reg[13]/C
Low Pulse Width   Slow    FDRE/C   n/a            0.500         5.000       4.500      SLICE_X5Y76    dsd_mod_inst/acc1_reg[14]/C
Low Pulse Width   Fast    FDRE/C   n/a            0.500         5.000       4.500      SLICE_X5Y76    dsd_mod_inst/acc1_reg[14]/C
High Pulse Width  Slow    FDRE/C   n/a            0.500         5.000       4.500      SLICE_X5Y75    dsd_mod_inst/acc1_reg[10]/C
High Pulse Width  Fast    FDRE/C   n/a            0.500         5.000       4.500      SLICE_X5Y75    dsd_mod_inst/acc1_reg[10]/C
High Pulse Width  Slow    FDRE/C   n/a            0.500         5.000       4.500      SLICE_X5Y76    dsd_mod_inst/acc1_reg[11]/C
High Pulse Width  Fast    FDRE/C   n/a            0.500         5.000       4.500      SLICE_X5Y76    dsd_mod_inst/acc1_reg[11]/C
High Pulse Width  Slow    FDRE/C   n/a            0.500         5.000       4.500      SLICE_X5Y76    dsd_mod_inst/acc1_reg[12]/C
High Pulse Width  Fast    FDRE/C   n/a            0.500         5.000       4.500      SLICE_X5Y76    dsd_mod_inst/acc1_reg[12]/C
High Pulse Width  Slow    FDRE/C   n/a            0.500         5.000       4.500      SLICE_X5Y76    dsd_mod_inst/acc1_reg[13]/C
High Pulse Width  Fast    FDRE/C   n/a            0.500         5.000       4.500      SLICE_X5Y76    dsd_mod_inst/acc1_reg[13]/C
High Pulse Width  Slow    FDRE/C   n/a            0.500         5.000       4.500      SLICE_X5Y76    dsd_mod_inst/acc1_reg[14]/C
High Pulse Width  Fast    FDRE/C   n/a            0.500         5.000       4.500      SLICE_X5Y76    dsd_mod_inst/acc1_reg[14]/C



--------------------------------------------------------------------------------------
Path Group:  (none)
From Clock:  sys_clk_pin
  To Clock:  

Max Delay             1 Endpoint
Min Delay             1 Endpoint
--------------------------------------------------------------------------------------


Max Delay Paths
--------------------------------------------------------------------------------------
Slack:                    inf
  Source:                 dsd_mod_inst/dsd_bit_reg_lopt_replica/C
                            (rising edge-triggered cell FDRE clocked by sys_clk_pin  {rise@0.000ns fall@5.000ns period=10.000ns})
  Destination:            dsd_out
                            (output port)
  Path Group:             (none)
  Path Type:              Max at Slow Process Corner
  Data Path Delay:        5.445ns  (logic 3.548ns (65.152%)  route 1.898ns (34.848%))
  Logic Levels:           1  (OBUF=1)
  Clock Uncertainty:      0.025ns  ((TSJ^2 + TIJ^2)^1/2 + DJ) / 2 + PE
    Total System Jitter     (TSJ):    0.050ns
    Total Input Jitter      (TIJ):    0.000ns
    Discrete Jitter          (DJ):    0.000ns
    Phase Error              (PE):    0.000ns

    Location             Delay type                Incr(ns)  Path(ns)    Netlist Resource(s)
  -------------------------------------------------------------------    -------------------
                         (clock sys_clk_pin rise edge)
                                                      0.000     0.000 r  
    R4                                                0.000     0.000 r  clk100 (IN)
                         net (fo=0)                   0.000     0.000    clk100
    R4                   IBUF (Prop_ibuf_I_O)         1.475     1.475 r  clk100_IBUF_inst/O
                         net (fo=1, routed)           2.114     3.589    clk100_IBUF
    BUFGCTRL_X0Y0        BUFG (Prop_bufg_I_O)         0.096     3.685 r  clk100_IBUF_BUFG_inst/O
                         net (fo=114, routed)         2.003     5.688    dsd_mod_inst/clk100_IBUF_BUFG
    SLICE_X5Y75          FDRE                                         r  dsd_mod_inst/dsd_bit_reg_lopt_replica/C
  -------------------------------------------------------------------    -------------------
    SLICE_X5Y75          FDRE (Prop_fdre_C_Q)         0.419     6.107 r  dsd_mod_inst/dsd_bit_reg_lopt_replica/Q
                         net (fo=1, routed)           1.898     8.005    lopt
    T14                  OBUF (Prop_obuf_I_O)         3.129    11.133 r  dsd_out_OBUF_inst/O
                         net (fo=0)                   0.000    11.133    dsd_out
    T14                                                               r  dsd_out (OUT)
  -------------------------------------------------------------------    -------------------





Min Delay Paths
--------------------------------------------------------------------------------------
Slack:                    inf
  Source:                 dsd_mod_inst/dsd_bit_reg_lopt_replica/C
                            (rising edge-triggered cell FDRE clocked by sys_clk_pin  {rise@0.000ns fall@5.000ns period=10.000ns})
  Destination:            dsd_out
                            (output port)
  Path Group:             (none)
  Path Type:              Min at Fast Process Corner
  Data Path Delay:        1.838ns  (logic 1.399ns (76.137%)  route 0.439ns (23.863%))
  Logic Levels:           1  (OBUF=1)
  Clock Uncertainty:      0.025ns  ((TSJ^2 + TIJ^2)^1/2 + DJ) / 2 + PE
    Total System Jitter     (TSJ):    0.050ns
    Total Input Jitter      (TIJ):    0.000ns
    Discrete Jitter          (DJ):    0.000ns
    Phase Error              (PE):    0.000ns

    Location             Delay type                Incr(ns)  Path(ns)    Netlist Resource(s)
  -------------------------------------------------------------------    -------------------
                         (clock sys_clk_pin rise edge)
                                                      0.000     0.000 r  
    R4                                                0.000     0.000 r  clk100 (IN)
                         net (fo=0)                   0.000     0.000    clk100
    R4                   IBUF (Prop_ibuf_I_O)         0.243     0.243 r  clk100_IBUF_inst/O
                         net (fo=1, routed)           0.676     0.919    clk100_IBUF
    BUFGCTRL_X0Y0        BUFG (Prop_bufg_I_O)         0.026     0.945 r  clk100_IBUF_BUFG_inst/O
                         net (fo=114, routed)         0.707     1.652    dsd_mod_inst/clk100_IBUF_BUFG
    SLICE_X5Y75          FDRE                                         r  dsd_mod_inst/dsd_bit_reg_lopt_replica/C
  -------------------------------------------------------------------    -------------------
    SLICE_X5Y75          FDRE (Prop_fdre_C_Q)         0.128     1.780 r  dsd_mod_inst/dsd_bit_reg_lopt_replica/Q
                         net (fo=1, routed)           0.439     2.219    lopt
    T14                  OBUF (Prop_obuf_I_O)         1.271     3.490 r  dsd_out_OBUF_inst/O
                         net (fo=0)                   0.000     3.490    dsd_out
    T14                                                               r  dsd_out (OUT)
  -------------------------------------------------------------------    -------------------





